-- phpMyAdmin SQL Dump
-- version 4.1.14
-- http://www.phpmyadmin.net
--
-- Client :  127.0.0.1
-- Généré le :  Lun 05 Janvier 2015 à 18:34
-- Version du serveur :  5.6.17
-- Version de PHP :  5.5.12

SET SQL_MODE = "NO_AUTO_VALUE_ON_ZERO";
SET time_zone = "+00:00";


/*!40101 SET @OLD_CHARACTER_SET_CLIENT=@@CHARACTER_SET_CLIENT */;
/*!40101 SET @OLD_CHARACTER_SET_RESULTS=@@CHARACTER_SET_RESULTS */;
/*!40101 SET @OLD_COLLATION_CONNECTION=@@COLLATION_CONNECTION */;
/*!40101 SET NAMES utf8 */;

--
-- Base de données :  'tintin'
--
CREATE DATABASE IF NOT EXISTS tintin2021 DEFAULT CHARACTER SET utf8 COLLATE utf8_general_ci;
USE tintin2021;

-- --------------------------------------------------------

--
-- Structure de la table 'album'
--

DROP TABLE IF EXISTS album;
CREATE TABLE IF NOT EXISTS album (
  idAlb char(3) NOT NULL,
  titreAlb varchar(50) NOT NULL,
  dateAlb year(4) NOT NULL,
  PRIMARY KEY (idAlb)
) ENGINE=InnoDB DEFAULT CHARSET=utf8;

--
-- Contenu de la table 'album'
--

INSERT INTO album (idAlb, titreAlb, dateAlb) VALUES
('A01', 'TINTIN AU CONGO', 1930),
('A02', 'TINTIN EN AMERIQUE', 1931),
('A03', 'LES CIGARES DU PHARAON', 1932),
('A04', 'LE LOTUS BLEU', 1934),
('A05', 'L''OREILLE CASSEE', 1935),
('A06', 'L''ILE NOIRE', 1937),
('A07', 'LE SCEPTRE D''OTTOKAR', 1938),
('A08', 'LE CRABE AUX PINCES D''OR', 1940),
('A09', 'L''ETOILE MYSTERIEUSE', 1947),
('A10', 'LE SECRET DE LA LICORNE', 1947),
('A11', 'LE TRESOR DE RACKHAM LE ROUGE', 1947),
('A12', 'LES 7 BOULES DE CRISTAL', 1948),
('A13', 'LE TEMPLE DU SOLEIL', 1949),
('A14', 'AU PAYS DE L''OR NOIR', 1971),
('A15', 'OBJECTIF LUNE', 1953),
('A16', 'ON A MARCHE SUR LA LUNE', 1954),
('A17', 'L''AFFAIRE TOURNESOL', 1956),
('A18', 'COKE EN STOCK', 1958),
('A19', 'TINTIN AU TIBET', 1960),
('A20', 'LES BIJOUX DE LA CASTAFIORE', 1963),
('A21', 'VOL 714 POUR SIDNEY', 1968),
('A22', 'TINTIN ET LES PICAROS', 1976);

-- --------------------------------------------------------

--
-- Structure de la table 'juron'
--

DROP TABLE IF EXISTS juron;
CREATE TABLE IF NOT EXISTS juron (
  idJur char(10) NOT NULL,
  nomJur varchar(100) NOT NULL,
  PRIMARY KEY (idJur)
) ENGINE=InnoDB DEFAULT CHARSET=utf8;

--
-- Contenu de la table 'juron'
--

INSERT INTO juron (idJur, nomJur) VALUES
('J!1', 'ESPECE DE BULLDOZER A REACTION'),
('J!10', 'ESPECES DE MERINOS MAL PEIGNES'),
('J!11', 'ESPECE DE CYRANO A QUATRE PATTES'),
('J!12', 'ESPECE DE CANNIBALE EMPLUME'),
('J!13', 'QUE LE GRAND CRIQUE ME CROQUE'),
('J!14', 'PETIT FILS DE CHACAL PELE'),
('J!15', 'ARRIERE PETIT-FILS DE VAUTOUR DEPLUME'),
('J!16', 'INFECT ! EPOUVANTABLE ! INNOMABLE ! ABOMINABLE !'),
('J!17', 'HISTOIRES A LA GRAISSE DE TROMBONNE A COULISSE'),
('J!18', 'A L''AIDE ! AU VOLEUR ! AU FEU ! A LA GARDE !'),
('J!19', 'REVOLUTIONNAIRE EN PEAU DE LAPIN'),
('J!2', 'ESPECE DE COWBOY DE LA ROUTE'),
('J!3', 'BOUGRE DE SAUVAGE D''AEROLITHE DE TONNERRE DE BREST'),
('J!4', 'BOUGRE DE FAUX JETONS A LA SAUCE TARTARE'),
('J!5', 'PAPOU DES CARPATHES'),
('J!6', 'QUE LE DIABLE VOUS ETRIPATOUILLE'),
('J!7', 'PAR LA BARBE DU PROPHETE'),
('J!8', 'ESPECE DE SATANE BAZAR DE FOURBI DE TRUC'),
('J!9', 'ESPECE DE CHOUETTE MAL EMPAILLEE'),
('JABRU', 'ABRUTI (SOMBRE)'),
('JACCA', 'ACCAPAREURS'),
('JAFFA', 'BANDE D''AFFAMES'),
('JAGNE', 'MES DOUX AGNEAUX'),
('JAMPH', 'AMPHYTRION'),
('JANAC', 'ANACOLUTHE (ou ESPECE D'')'),
('JANAL', 'ANALPHABETE (ou ESPECE D''ANALPHABETE DIPLOME)'),
('JANAN', 'MILLE MILLIONS D''ANANAS'),
('JANDO', 'ANDOUILLE (EPECE D'')'),
('JANIM', 'ANIMAL (STUPIDE ou ESPECE)'),
('JANTH', 'ANTHROPOPITHEQUE'),
('JANTR', 'ANTROPOPHAGE'),
('JAPAC', 'APACHE'),
('JARLE', 'ARLEQUIN'),
('JASSA', 'ASSASSIN'),
('JAUNO', 'AU NOM DU CIEL - POUR L''AMOUR DU CIEL/DE DIEU'),
('JAUTOC', 'AUTOCRATE'),
('JAUTOD', 'AUTODIDACTE'),
('JAZTH', 'AZTHEQUES'),
('JBABO', 'BABOUIN (ESPECE DE )'),
('JBACH', 'BACHI-BOUZOUK (ou - DES CARPATHES)'),
('JBAND', 'BANDIT'),
('JBARB', 'BARBU (VILAIN)'),
('JBETE', 'VILAINE BETE (ou SALE)'),
('JBIGR', 'BIGRE'),
('JBOIT', 'BOIT-SANS-SOIF'),
('JBONS', 'BON SANG (ou BON SANG DE ou SACRE)'),
('JBOUG', 'BOUGRE DE TINTIN ou LE BOUGRE'),
('JBRON', 'BRONTOZAURE (ESPECE DE)'),
('JBRUT', 'BRUTE (ou BANDE DE ou SOMBRE)'),
('JBUTO', 'BUTOR'),
('JCABO', 'SALE CABOT'),
('JCACH', 'CACHALOT'),
('JCALA', 'CALAMITE'),
('JCANAI', 'CANAILLE (ou PETITE)'),
('JCANAQ', 'CANAQUES (BANDE DE ou BOUGRE DE)'),
('JCANN', 'CANNIBALE (ou ESPECE DE)'),
('JCARA', 'CARAMBA'),
('JCARN', 'MUSSOLINI DE - ou FLIBUSTIER DE - ou  ESPECE DE VERCINGETORIX DE -'),
('JCATACH', 'CATACHRESES'),
('JCATACL', 'CATACLYSME'),
('JCATAP', 'CATAPLASME'),
('JCATAS', 'CATASTROPHE'),
('JCERC', 'CERCOPITHEQUE'),
('JCHAU', 'CHAUFFARD (ou ESPECE DE )'),
('JCHEN', 'CHENAPAN'),
('JCHIE', 'CHIENS (ou - D''ETRANGER ou FILS DE-  GALEUX ou ...'),
('JCHIN', 'SALE CHINK ou SALE CHINOIS'),
('JCHOL', 'CHOLERA'),
('JCIEL', 'CIEL (ou JUSTE)'),
('JCLOP', 'CLOPORTES (ou ESPECE DE)'),
('JCOLE', 'COLEOPTERE'),
('JCOLO', 'COLOQUINTE'),
('JCOQU', 'COQUIN'),
('JCORNE', 'CORNEMUSE'),
('JCORNI', 'CORNICHON (ou BOUGRE D''EXTRAIT DE ou TAS De ou VIEUX ou PAIRE DE...)'),
('JCORS', 'CORSAIRE'),
('JCOUP', 'COUPE JARRETS (ESPECE DE )'),
('JCRETA', 'CRETINS DES ALPES (ou BOUGRE D''EXTRAIT DE)'),
('JCRETI', 'CRETINS( ESPECE DE - ou TRIPLE -)'),
('JCYAN', 'CYANURE'),
('JCYCLON', 'CYCLONE'),
('JCYCLOT', 'CYCLOTRON'),
('JDEGR', 'DE GRACE (ou GRACE)'),
('JDIAB', 'DIABLE ( ou PAR TOUS LES ou QUE ou - DE -   ou - DU -)'),
('JDIPL', 'DIPLODOCUS'),
('JDORY', 'DORYPHORE'),
('JECOR', 'ECORNIFLEUR'),
('JECRA', 'ECRASEUR'),
('JECTO', 'ECTOPLASME (BANDE ou BOUGRE ou ESPECE ou  - A ROULETTES ou ...)'),
('JEGOI', 'EGOISTE'),
('JEMPL', 'EMPLATRE (BANDE D'' ou (BOUGRE DE) CREME D''  ou EXTRAIT D'' ou ESPECE D)'),
('JEMPO', 'EMPOTES (BANDE D'')'),
('JENFE', 'ENFER ET DAMNATION'),
('JESCL', 'ESCLAVAGISTE'),
('JESCO', 'ESCOGRIFFE'),
('JFAUX', 'FAUX JETON (ESPECE DE)'),
('JFICH', 'FICHU (- TEMPS ou - METIER ou -ESPAGNOLETTE ou FUSEE)'),
('JFLIB', 'FLIBUSTIER'),
('JFLUT', 'FLUTE'),
('JFORB', 'FORBAN'),
('JFREL', 'FRELUQUET (PETIT ou INSOLENT ou ESPECE DE)'),
('JFRER', 'FRERES DE LA COTE'),
('JFRIP', 'FRIPOUILLE'),
('JFROU', 'FROUSSARD (BANDE DE)'),
('JGAIL', 'MON GAILLARD'),
('JGALO', 'GALOPIN'),
('JGANG', 'GANGSTER'),
('JGARG', 'GARGARISME'),
('JGARN', 'GARNEMENT'),
('JGRAIN', 'GRAINE DE TAPIOQUISTES'),
('JGRAIS', 'GRAISSE DE HERISSON'),
('JGRED', 'GREDIN'),
('JGREN', 'GRENOUILLES'),
('JGROS', 'GROS PLEIN DE SOUPE'),
('JGROT', 'GROTESQUE'),
('JGYRO', 'GYROSCOPE'),
('JHERE', 'HERETIQUE'),
('JHOMM', 'NOM D''UN HOMME ou ESPECE D''HOMME'),
('JHORR', 'HORREUR'),
('JHORS', 'HORS LA LOI'),
('JHYDR', 'HYDROCARBURE'),
('JICON', 'ICONOCLASTE (ou MISERABLE)'),
('JIDIO', 'IDIOT (ou PARFAIT ou TRIPLE)'),
('JIMBE', 'IMBECILE (ou ESPECE D'' ou BOUGRE D'')'),
('JINCA', 'INCAPABLE'),
('JINSO', 'INSOLENT'),
('JINVE', 'INVERTEBRE'),
('JIVRO', 'IVROGNE (ou VIEIL -)'),
('JJOCR', 'JOCRISSE'),
('JJUDA', 'JUDAS'),
('JJUSD', 'JUS DE REGLISSE'),
('JKHRO', 'KHROUMIRS (ESPECE DE)'),
('JKUKL', 'BANDE DE KUKLUX-KLANS'),
('JLACH', 'LACHES (ou GRANDS)'),
('JLOGA', 'LOGARITHME (ESPECE DE)'),
('JLUCI', 'PAR LUCIFER'),
('JMACA', 'MACAQUE'),
('JMACR', 'MACROCEPHALE'),
('JMADO', 'MADONNA (ou PER LA )'),
('JMADR', 'MADRE DE DIOS'),
('JMALA', 'MALADROITS (ou TAS DE)'),
('JMALC', 'STUPIDE MALCHANCE'),
('JMALE', 'MALEDICTION (ou MAUDIT quelque chose ou quelqu''un)'),
('JMALH', 'MALHEUREUX - MALHEUR (ou quelque chose de - OU - de malheur)'),
('JMALI', 'GROS MALIN'),
('JMALO', 'MALOTRU'),
('JMALP', 'MALAPPRIS (ou BOUGRE DE)'),
('JMAME', 'MAMELOUK'),
('JMAPA', 'MA PAROLE'),
('JMARA', 'MARAUD'),
('JMARC1', 'MARCHAND DE TAPIS'),
('JMARC2', 'MARCHAND DE GUANO (ou BOUGRE DE ou ESPECE DE)'),
('JMARI1', 'MARINIER (ESPECE DE)'),
('JMARI2', 'MARIN/PIRATE/ASTRONAUTE  D''EAU DOUCE'),
('JMARM', 'ESPECE DE VIEILLE MARMOTTE'),
('JMAUV', 'MAUVIETTE (ESPECE DE)'),
('JMAZE', 'MAZETTE'),
('JMEDI', 'MEDICASTRE (ESPECE DE)'),
('JMEGAC', 'MEGACYCLE'),
('JMEGAL', 'MEGALOMANE'),
('JMEND', 'MENDIANTS POUILLEUX'),
('JMERCA', 'MERCANTIS'),
('JMERCE', 'MERCENAIRE'),
('JMERI', 'MERINOS (ESPECE DE)'),
('JMILL', 'MILLE SABORDS (ou MILLE MILLIARDS DE ou ...)'),
('JMISE', 'MISERABLE (ou MISERABLE CHIEN)'),
('JMOND', 'MON (ou GRAND) DIEU -MY GOODNESS - PAR ALLAH/BRAHMA - SEIGNEUR'),
('JMONS', 'MONSTRE'),
('JMORV', 'MORVEUX (PETIT)'),
('JMOUJ', 'MOUJIK'),
('JMOUL', 'MOULE A GAUFRES (ou CONCENTRE DE ou ESPECE DE)'),
('JMOUS', 'PAR LES MOUSTACHES DE PLEKSZY-GLADZ'),
('JNAUF', 'NAUFRAGEUR'),
('JNEGR', 'NEGRIER'),
('JNOIX', 'NOIX DE COCO'),
('JNYCT', 'NYCTALOPE'),
('JOLIB', 'OLIBRIUS( ou BOUGRE D'' ou ESPECE D'')'),
('JOPHI', 'OPHICLEŒDE'),
('JORNI', 'ORNITHORYNQUE (ou ESPECE DE PETIT -)'),
('JORYC', 'ORYCTEROPE'),
('JOSTR', 'OSTROGOTH'),
('JPALT', 'PALTOQUET'),
('JPANT', 'PANTOUFLES'),
('JPAPO', 'PAPOUS'),
('JPARAN', 'PARANOIAQUE'),
('JPARAS', 'PARASITE'),
('JPARB', 'PARBLEU'),
('JPARE', 'TAS DE PARESSEUX'),
('JPATAG', 'PATAGONS'),
('JPATAP', 'PATAPOUFS'),
('JPERR', 'PERROQUET BAVARD'),
('JPEST', 'SALE (ou ESPECE DE) PETITE PESTE'),
('JPHEN', 'PHENOMENE (ou BOUGRE DE ou ESPECE DE)'),
('JPHLE', 'PHLEBOTOME'),
('JPHYL', 'PHYLLOXERA'),
('JPIGN', 'PIGNOUF'),
('JPIPE', 'NOM D''UNE PIPE'),
('JPIRA', 'PIRATES (ou BANDE DE - ou - DU CIEL)'),
('JPLEU', 'PLEURNICHARDS'),
('JPOCH', 'POCHARDS (LAMENTABLES ou BANDE DE )'),
('JPOLI', 'GROTESQUE POLICHINELLE'),
('JPOLY', 'POLYGRAPHE'),
('JPORC', 'PORC EPIC'),
('JPOTE', 'GIBIER DE POTENCE ou TRAINE POTENCE'),
('JPOUS', 'POUSSIERES'),
('JPROF', 'PROFITEUR'),
('JPROT', 'PROTOZOAIRE'),
('JPYROM', 'PYROMANE'),
('JPYROP', 'PYROPHORE'),
('JRAPA', 'RAPACE'),
('JRAVA', 'RAVACHOL'),
('JRENE', 'RENEGATS'),
('JREPT', 'REPTILE (MISERABLE)'),
('JRHIZ', 'RHIZOPODES'),
('JROCA', 'ROCAMBOLE'),
('JSACRE', 'SACREBLEU'),
('JSACRIL', 'SACRILEGE'),
('JSACRIP', 'SACRIPANT'),
('JSACS', 'SACS A WISKY - SAC A PAPIER'),
('JSAJO', 'SAJOUS'),
('JSALT', 'SALTIMBANQUE'),
('JSAMO', 'MILLE MILLIONS DE SAMOURAIS'),
('JSAPA', 'SAPAJOU (ou VIEUX)'),
('JSAPE', 'SAPERLIPOPETTE'),
('JSAPR', 'SAPRISTI - PRISZTY'),
('JSATA', 'SATANE (GOSSE ou SCAPHANDRE)'),
('JSATR', 'SATRAPE'),
('JSATU', 'PAR LES ANNEAUX DE SATURNE'),
('JSAUV', 'SAUVAGE (ou TAS DE ou BOUGRE DE)'),
('JSCEL', 'SCELERATS'),
('JSCHI', 'SCHIZOPHRENE'),
('JSCOL', 'SCOLOPENDRE'),
('JSCOR', 'SCORPION'),
('JSEMA', 'SEMAPHORE (ESPECE DE)'),
('JSEPT', 'PAR LE SEPTRE D''OTTOKAR'),
('JSINA', 'SINAPISME'),
('JSINI', 'SINISTRE FARCEUR'),
('JSOT', 'GRAND SOT'),
('JSOUL', 'SOULOGRAPHE'),
('JTCHO', 'TCHOUK-TCHOUK NOUGATS'),
('JTECH', 'TECHNOCRATE'),
('JTERR', 'TERRORISTES'),
('JTETE', 'TETE DE MULE (ou ESPECE DE)'),
('JTIGR', 'TIGRESSE (ESPECE DE)'),
('JTON1', 'TONNERRE DE BREST (ou MILLE ou TONNERRE DE ou ...)'),
('JTON2', 'TONNERRE (ou MILLE ou MILLE MILLION DE ou ...)'),
('JTONF', 'PAR LE TONNERRE DU FUSI YAMA'),
('JTOPI', 'TOPINAMBOUR'),
('JTORT', 'TORTIONNAIRE'),
('JTRAI', 'TRAITRES / TRAHISON'),
('JTRES', 'MILLE TRESORS'),
('JTRIP', 'TRIPLE BUSE'),
('JTROG', 'TROGLODYTE'),
('JTROM', 'TROMPE LA MORT'),
('JVAMP', 'VAMPIRE'),
('JVAND', 'VANDALE'),
('JVANU', 'VA-NU-PIEDS'),
('JVERMIC', 'VERMICELLE - VERMICEAU'),
('JVERMIN', 'VERMINE (ou SALE PETITE)'),
('JVERS', '(MISERABLES) VERS DE TERRE'),
('JVIPE', 'VIPERE (ou MISERABLE PETITE)'),
('JVISI', 'VISIGOTHS'),
('JVIVI', 'VIVISECTIONNISTES'),
('JVOLE', 'VOLEURS (BANDE DE - ou - D''ENFANTS)'),
('JWLAD', 'PAR SAINT WLADIMIR'),
('JZAPO', 'ZAPOTHEQUES (BANDE DE)'),
('JZEBR', 'ZEBRE (CE)'),
('JZIGO', 'ZIGOMARS'),
('JZOUA', 'ZOUAVE (ou BOUGRE DE ou ESPECE DE - INTERPLANETAIRE)'),
('JZOUL', 'ZOULOUS'),
('JZUT', 'ZUT');

-- --------------------------------------------------------

--
-- Structure de la table 'juron_album'
--

DROP TABLE IF EXISTS juron_album;
CREATE TABLE IF NOT EXISTS juron_album (
  idAlb char(3) NOT NULL,
  idPers char(7) NOT NULL,
  idJur char(10) NOT NULL,
  numPage tinyint(3) unsigned NOT NULL,
  PRIMARY KEY (idAlb,idPers,idJur,numPage),
  KEY idPers (idPers),
  KEY idJur (idJur)
) ENGINE=InnoDB DEFAULT CHARSET=utf8;

--
-- Contenu de la table 'juron_album'
--

INSERT INTO juron_album (idAlb, idPers, idJur, numPage) VALUES
('A14', 'PABDA', 'JBARB', 58),
('A14', 'PABDA', 'JTON1', 59),
('A14', 'PABDA', 'JTON1', 60),
('A14', 'PABDA', 'JTON1', 61),
('A05', 'PALC1', 'JSAPR', 29),
('A05', 'PALC1', 'JSCEL', 35),
('A05', 'PALC1', 'JTON2', 29),
('A05', 'PALC1', 'JTON2', 35),
('A05', 'PALC1', 'JTON2', 37),
('A05', 'PALC1', 'JTRAI', 35),
('A12', 'PALC1', 'JCARA', 13),
('A12', 'PALC1', 'JCARA', 57),
('A18', 'PALC1', 'JCARA', 1),
('A22', 'PALC1', 'J!19', 40),
('A22', 'PALC1', 'JCARA', 54),
('A22', 'PALC1', 'JCARA', 62),
('A22', 'PALC1', 'JGRAIN', 40),
('A22', 'PALC1', 'JPOCH', 40),
('A22', 'PALC1', 'JSACS', 40),
('A22', 'PALVA', 'JAUNO', 58),
('A22', 'PALVA', 'JIMBE', 29),
('A01', 'PANON', 'JBAND', 38),
('A02', 'PANON', 'JANAN', 6),
('A02', 'PANON', 'JBONS', 7),
('A02', 'PANON', 'JCARA', 34),
('A02', 'PANON', 'JDIAB', 48),
('A02', 'PANON', 'JDIAB', 56),
('A02', 'PANON', 'JGRED', 56),
('A02', 'PANON', 'JIMBE', 55),
('A02', 'PANON', 'JSAPR', 17),
('A02', 'PANON', 'JTON2', 52),
('A02', 'PANON', 'JVERMIN', 56),
('A02', 'PANON', 'JZUT', 2),
('A02', 'PANON', 'JZUT', 55),
('A02', 'PANON', 'JZUT', 56),
('A03', 'PANON', 'JGRED', 49),
('A03', 'PANON', 'JHORR', 39),
('A03', 'PANON', 'JMOND', 39),
('A03', 'PANON', 'JTON1', 60),
('A03', 'PANON', 'JTON2', 30),
('A03', 'PANON', 'JTON2', 59),
('A03', 'PANON', 'JTRAI', 30),
('A03', 'PANON', 'JZUT', 58),
('A04', 'PANON', 'JCHIN', 49),
('A04', 'PANON', 'JIMBE', 39),
('A04', 'PANON', 'JINCA', 41),
('A04', 'PANON', 'JTON2', 41),
('A04', 'PANON', 'JTON2', 49),
('A04', 'PANON', 'JZUT', 9),
('A05', 'PANON', 'JCARA', 29),
('A05', 'PANON', 'JDIAB', 25),
('A05', 'PANON', 'JMADR', 28),
('A06', 'PANON', 'JTRAI', 59),
('A06', 'PANON', 'JZUT', 50),
('A07', 'PANON', 'JMOND', 7),
('A07', 'PANON', 'JTON2', 27),
('A07', 'PANON', 'JTON2', 33),
('A07', 'PANON', 'JTON2', 51),
('A08', 'PANON', 'J!7', 36),
('A08', 'PANON', 'J!7', 51),
('A08', 'PANON', 'JCHIE', 51),
('A08', 'PANON', 'JMALC', 23),
('A08', 'PANON', 'JMEND', 51),
('A08', 'PANON', 'JVERMIN', 51),
('A08', 'PANON', 'JVERS', 51),
('A09', 'PANON', 'JMALE', 46),
('A09', 'PANON', 'JMALE', 48),
('A09', 'PANON', 'JTON2', 46),
('A10', 'PANON', 'JZUT', 35),
('A13', 'PANON', 'JCANAI', 19),
('A13', 'PANON', 'JVERMIN', 19),
('A14', 'PANON', 'JMALE', 21),
('A14', 'PANON', 'JMAPA', 8),
('A15', 'PANON', 'JTON2', 34),
('A17', 'PANON', 'JMOUS', 2),
('A17', 'PANON', 'JMOUS', 13),
('A17', 'PANON', 'JMOUS', 21),
('A17', 'PANON', 'JMOUS', 31),
('A17', 'PANON', 'JSAPR', 47),
('A17', 'PANON', 'JZUT', 17),
('A18', 'PANON', 'JDIAB', 55),
('A22', 'PANON', 'JEMPO', 28),
('A01', 'PANOO', 'JSACRIL', 27),
('A02', 'PANOO', 'JDIAB', 31),
('A02', 'PANOO', 'JMAPA', 41),
('A02', 'PANOO', 'JMISE', 41),
('A02', 'PANOO', 'JMOND', 4),
('A02', 'PANOO', 'JMOND', 30),
('A02', 'PANOO', 'JMOND', 32),
('A02', 'PANOO', 'JMOND', 54),
('A02', 'PANOO', 'JMOND', 58),
('A03', 'PANOO', 'JCHIE', 14),
('A03', 'PANOO', 'JCRETI', 16),
('A03', 'PANOO', 'JIDIO', 16),
('A03', 'PANOO', 'JIMBE', 16),
('A03', 'PANOO', 'JMALH', 47),
('A03', 'PANOO', 'JMISE', 48),
('A03', 'PANOO', 'JSACRIL', 48),
('A04', 'PANOO', 'JMAPA', 54),
('A05', 'PANOO', 'JCARA', 21),
('A05', 'PANOO', 'JCARA', 37),
('A05', 'PANOO', 'JCARA', 38),
('A05', 'PANOO', 'JCARA', 39),
('A05', 'PANOO', 'JCARA', 45),
('A05', 'PANOO', 'JSAPE', 2),
('A06', 'PANOO', 'JMALH', 21),
('A06', 'PANOO', 'JMAPA', 22),
('A06', 'PANOO', 'JMISE', 22),
('A06', 'PANOO', 'JSAPR', 19),
('A06', 'PANOO', 'JTON2', 19),
('A08', 'PANOO', 'JMAPA', 60),
('A08', 'PANOO', 'JTON2', 42),
('A09', 'PANOO', 'JAUNO', 60),
('A09', 'PANOO', 'JMALE', 32),
('A09', 'PANOO', 'JMALH', 61),
('A09', 'PANOO', 'JSAPR', 39),
('A09', 'PANOO', 'JSAPR', 49),
('A09', 'PANOO', 'JSAPR', 53),
('A10', 'PANOO', 'JMOND', 28),
('A12', 'PANOO', 'JCANAI', 45),
('A14', 'PANOO', 'JBETE', 11),
('A15', 'PANOO', 'JBONS', 32),
('A15', 'PANOO', 'JSAPR', 34),
('A15', 'PANOO', 'JWLAD', 10),
('A16', 'PANOO', 'JMALE', 58),
('A16', 'PANOO', 'JMOND', 59),
('A17', 'PANOO', 'JMADO', 36),
('A17', 'PANOO', 'JMADO', 40),
('A17', 'PANOO', 'JSAPE', 45),
('A20', 'PANOO', 'JFLUT', 34),
('A20', 'PANOO', 'JZUT', 19),
('A20', 'PANOO', 'JZUT', 34),
('A22', 'PANOO', 'JFLUT', 51),
('A22', 'PANOO', 'JGALO', 6),
('A22', 'PANOO', 'JSAPE', 34),
('A01', 'PBABA', 'JMALE', 30),
('A14', 'PBABE', 'JCHIE', 17),
('A05', 'PBADA', 'JANIM', 11),
('A05', 'PBADA', 'JCARA', 8),
('A05', 'PBADA', 'JCARA', 11),
('A05', 'PBADA', 'JCARA', 24),
('A05', 'PBADA', 'JCARA', 26),
('A05', 'PBADA', 'JCARA', 32),
('A05', 'PBADA', 'JCARA', 53),
('A05', 'PBADA', 'JGROS', 5),
('A05', 'PBADA', 'JIMBE', 5),
('A05', 'PBADA', 'JMALH', 11),
('A16', 'PBAXT', 'JAUNO', 58),
('A16', 'PBAXT', 'JCIEL', 61),
('A16', 'PBAXT', 'JHORR', 59),
('A16', 'PBAXT', 'JMALH', 50),
('A16', 'PBAXT', 'JMALH', 51),
('A16', 'PBAXT', 'JMOND', 1),
('A16', 'PBAXT', 'JMOND', 60),
('A16', 'PBAXT', 'JSACRE', 50),
('A14', 'PBENK', 'J!14', 38),
('A14', 'PBENK', 'J!15', 38),
('A14', 'PBENK', 'J!7', 38),
('A14', 'PBENK', 'JCHIE', 38),
('A14', 'PBENK', 'JMOND', 37),
('A14', 'PBENK', 'JREPT', 61),
('A18', 'PBENK', 'JCHIE', 31),
('A08', 'PBENS', 'J!7', 56),
('A08', 'PBENS', 'JCHIE', 56),
('A12', 'PBERG', 'JMOND', 31),
('A09', 'PBOHL', 'JMALA', 26),
('A09', 'PCALY', 'JGALO', 10),
('A09', 'PCALY', 'JINCA', 10),
('A09', 'PCALY', 'JMOND', 26),
('A09', 'PCALY', 'JSATU', 12),
('A09', 'PCALY', 'JSATU', 13),
('A21', 'PCARR', 'JASSA', 24),
('A21', 'PCARR', 'JFREL', 33),
('A21', 'PCARR', 'JFRIP', 24),
('A21', 'PCARR', 'JINSO', 49),
('A21', 'PCARR', 'JLACH', 24),
('A21', 'PCARR', 'JMORV', 32),
('A18', 'PCAST', 'JMADO', 40),
('A20', 'PCAST', 'JAUNO', 35),
('A20', 'PCAST', 'JCIEL', 11),
('A20', 'PCAST', 'JCIEL', 15),
('A20', 'PCAST', 'JCIEL', 34),
('A20', 'PCAST', 'JCIEL', 43),
('A20', 'PCAST', 'JCIEL', 56),
('A20', 'PCAST', 'JCIEL', 57),
('A20', 'PCAST', 'JMADO', 8),
('A20', 'PCAST', 'JMADO', 15),
('A20', 'PCAST', 'JMADO', 22),
('A20', 'PCAST', 'JMADO', 34),
('A20', 'PCAST', 'JMADO', 39),
('A20', 'PCAST', 'JMOND', 11),
('A22', 'PCAST', 'JMADO', 61),
('A12', 'PCHAR', 'JTON2', 19),
('A09', 'PCHES', 'JMOND', 30),
('A13', 'PCHIQ', 'JCANAI', 8),
('A18', 'PDAFI', 'JAUNO', 23),
('A18', 'PDAFI', 'JDIAB', 23),
('A04', 'PDAWS', 'JCRETI', 35),
('A04', 'PDAWS', 'JMALE', 55),
('A04', 'PDAWS', 'JTON2', 33),
('A04', 'PDAWS', 'JTON2', 35),
('A04', 'PDAWS', 'JTON2', 51),
('A03', 'PDUPD', 'JCRETI', 25),
('A03', 'PDUPD', 'JGRED', 20),
('A03', 'PDUPD', 'JTRIP', 24),
('A04', 'PDUPD', 'JMOND', 45),
('A04', 'PDUPD', 'JMOND', 46),
('A04', 'PDUPD', 'JMOND', 49),
('A04', 'PDUPD', 'JSAPE', 48),
('A04', 'PDUPD', 'JSAPR', 46),
('A06', 'PDUPD', 'JMISE', 37),
('A08', 'PDUPD', 'JSAPR', 4),
('A10', 'PDUPD', 'JGRED', 32),
('A10', 'PDUPD', 'JMAPA', 34),
('A10', 'PDUPD', 'JMISE', 10),
('A11', 'PDUPD', 'JBRUT', 4),
('A12', 'PDUPD', 'JSAPR', 23),
('A13', 'PDUPD', 'JSAPE', 11),
('A14', 'PDUPD', 'JBRUT', 8),
('A14', 'PDUPD', 'JSAPE', 30),
('A14', 'PDUPD', 'JZUT', 19),
('A16', 'PDUPD', 'JDEGR', 30),
('A03', 'PDUPT', 'JCORNI', 24),
('A03', 'PDUPT', 'JSACRE', 20),
('A03', 'PDUPT', 'JSAPE', 47),
('A03', 'PDUPT', 'JSAPR', 22),
('A04', 'PDUPT', 'JFICH', 45),
('A04', 'PDUPT', 'JMOND', 46),
('A04', 'PDUPT', 'JZUT', 50),
('A06', 'PDUPT', 'JCANAI', 37),
('A06', 'PDUPT', 'JGAIL', 12),
('A08', 'PDUPT', 'JSAPR', 3),
('A10', 'PDUPT', 'JCOQU', 32),
('A10', 'PDUPT', 'JPIPE', 10),
('A10', 'PDUPT', 'JSAPR', 10),
('A10', 'PDUPT', 'JSAPR', 29),
('A10', 'PDUPT', 'JSAPR', 60),
('A11', 'PDUPT', 'JBRUT', 4),
('A12', 'PDUPT', 'JMOND', 24),
('A13', 'PDUPT', 'JSAPR', 4),
('A14', 'PDUPT', 'JSAPE', 19),
('A14', 'PDUPT', 'JSAPE', 30),
('A14', 'PDUPT', 'JSAPE', 33),
('A14', 'PDUPT', 'JZUT', 19),
('A15', 'PDUPT', 'JMOND', 22),
('A16', 'PDUPT', 'JBAND', 55),
('A16', 'PDUPT', 'JDIAB', 30),
('A16', 'PDUPT', 'JGROS', 19),
('A16', 'PDUPT', 'JMOND', 3),
('A16', 'PDUPT', 'JPIPE', 31),
('A16', 'PDUPT', 'JSAPR', 18),
('A21', 'PEZDA', 'JFORB', 59),
('A03', 'PFAKN', 'JINCA', 41),
('A04', 'PGIBB', 'JCHIN', 6),
('A04', 'PGIBB', 'JCHIN', 7),
('A04', 'PGIBB', 'JFREL', 7),
('A04', 'PGIBB', 'JGRED', 29),
('A04', 'PGIBB', 'JIMBE', 6),
('A04', 'PGIBB', 'JTON2', 27),
('A10', 'PHAD2', 'J!13', 23),
('A10', 'PHAD2', 'JANTH', 24),
('A10', 'PHAD2', 'JCACH', 24),
('A10', 'PHAD2', 'JCARN', 24),
('A10', 'PHAD2', 'JCORNI', 20),
('A10', 'PHAD2', 'JMARI2', 24),
('A10', 'PHAD2', 'JMOUL', 20),
('A10', 'PHAD2', 'JPERR', 24),
('A10', 'PHAD2', 'JSINA', 20),
('A10', 'PHAD2', 'JTON1', 16),
('A08', 'PHADD', 'JANTH', 56),
('A08', 'PHADD', 'JARLE', 56),
('A08', 'PHADD', 'JAZTH', 37),
('A08', 'PHADD', 'JBONS', 38),
('A08', 'PHADD', 'JBRUT', 22),
('A08', 'PHADD', 'JCANAQ', 56),
('A08', 'PHADD', 'JCANN', 22),
('A08', 'PHADD', 'JCANN', 37),
('A08', 'PHADD', 'JCANN', 56),
('A08', 'PHADD', 'JCANN', 58),
('A08', 'PHADD', 'JCORS', 56),
('A08', 'PHADD', 'JDIAB', 20),
('A08', 'PHADD', 'JDIAB', 24),
('A08', 'PHADD', 'JDIAB', 30),
('A08', 'PHADD', 'JDIAB', 34),
('A08', 'PHADD', 'JDORY', 56),
('A08', 'PHADD', 'JEMPL', 37),
('A08', 'PHADD', 'JEMPL', 56),
('A08', 'PHADD', 'JESCL', 55),
('A08', 'PHADD', 'JFROU', 38),
('A08', 'PHADD', 'JGRED', 36),
('A08', 'PHADD', 'JGREN', 37),
('A08', 'PHADD', 'JGYRO', 56),
('A08', 'PHADD', 'JHERE', 55),
('A08', 'PHADD', 'JHYDR', 56),
('A08', 'PHADD', 'JICON', 37),
('A08', 'PHADD', 'JICON', 56),
('A08', 'PHADD', 'JINVE', 57),
('A08', 'PHADD', 'JJUSD', 57),
('A08', 'PHADD', 'JLACH', 22),
('A08', 'PHADD', 'JMACA', 38),
('A08', 'PHADD', 'JMALH', 20),
('A08', 'PHADD', 'JMALH', 27),
('A08', 'PHADD', 'JMARC1', 37),
('A08', 'PHADD', 'JMILL', 42),
('A08', 'PHADD', 'JMOND', 10),
('A08', 'PHADD', 'JMOND', 20),
('A08', 'PHADD', 'JMOND', 24),
('A08', 'PHADD', 'JMOND', 54),
('A08', 'PHADD', 'JMOUL', 38),
('A08', 'PHADD', 'JNOIX', 56),
('A08', 'PHADD', 'JPALT', 57),
('A08', 'PHADD', 'JPARAS', 38),
('A08', 'PHADD', 'JPIRA', 56),
('A08', 'PHADD', 'JRENE', 55),
('A08', 'PHADD', 'JSACRIP', 55),
('A08', 'PHADD', 'JSAUV', 37),
('A08', 'PHADD', 'JTCHO', 37),
('A08', 'PHADD', 'JTECH', 55),
('A08', 'PHADD', 'JTROG', 37),
('A08', 'PHADD', 'JVAMP', 58),
('A08', 'PHADD', 'JVANU', 37),
('A08', 'PHADD', 'JZOUA', 56),
('A09', 'PHADD', 'JACCA', 30),
('A09', 'PHADD', 'JBAND', 16),
('A09', 'PHADD', 'JBAND', 40),
('A09', 'PHADD', 'JCATACH', 40),
('A09', 'PHADD', 'JCHAU', 26),
('A09', 'PHADD', 'JCLOP', 40),
('A09', 'PHADD', 'JCOLO', 30),
('A09', 'PHADD', 'JECTO', 41),
('A09', 'PHADD', 'JFLIB', 26),
('A09', 'PHADD', 'JFORB', 41),
('A09', 'PHADD', 'JGRED', 16),
('A09', 'PHADD', 'JHORS', 26),
('A09', 'PHADD', 'JJUDA', 30),
('A09', 'PHADD', 'JJUDA', 40),
('A09', 'PHADD', 'JMALE', 32),
('A09', 'PHADD', 'JMAPA', 43),
('A09', 'PHADD', 'JMARI2', 26),
('A09', 'PHADD', 'JMERCA', 30),
('A09', 'PHADD', 'JMILL', 19),
('A09', 'PHADD', 'JMILL', 30),
('A09', 'PHADD', 'JMILL', 32),
('A09', 'PHADD', 'JMILL', 34),
('A09', 'PHADD', 'JMILL', 37),
('A09', 'PHADD', 'JMILL', 38),
('A09', 'PHADD', 'JMILL', 40),
('A09', 'PHADD', 'JMILL', 43),
('A09', 'PHADD', 'JMISE', 16),
('A09', 'PHADD', 'JMOND', 44),
('A09', 'PHADD', 'JMOUJ', 40),
('A09', 'PHADD', 'JNAUF', 26),
('A09', 'PHADD', 'JNAUF', 40),
('A09', 'PHADD', 'JOPHI', 30),
('A09', 'PHADD', 'JPANT', 26),
('A09', 'PHADD', 'JPAPO', 40),
('A09', 'PHADD', 'JPATAP', 40),
('A09', 'PHADD', 'JPIPE', 20),
('A09', 'PHADD', 'JPIRA', 26),
('A09', 'PHADD', 'JPIRA', 32),
('A09', 'PHADD', 'JRENE', 40),
('A09', 'PHADD', 'JRHIZ', 40),
('A09', 'PHADD', 'JSCEL', 40),
('A09', 'PHADD', 'JSEMA', 29),
('A09', 'PHADD', 'JTON1', 17),
('A09', 'PHADD', 'JTON1', 19),
('A09', 'PHADD', 'JTON1', 21),
('A09', 'PHADD', 'JTON1', 25),
('A09', 'PHADD', 'JTON1', 26),
('A09', 'PHADD', 'JTON1', 29),
('A09', 'PHADD', 'JTON1', 34),
('A09', 'PHADD', 'JTON1', 36),
('A09', 'PHADD', 'JTON1', 37),
('A09', 'PHADD', 'JTON1', 41),
('A09', 'PHADD', 'JTON1', 43),
('A09', 'PHADD', 'JTON1', 62),
('A09', 'PHADD', 'JTON2', 37),
('A09', 'PHADD', 'JTRAI', 40),
('A09', 'PHADD', 'JVOLE', 30),
('A10', 'PHADD', 'JBACH', 56),
('A10', 'PHADD', 'JBAND', 31),
('A10', 'PHADD', 'JBAND', 54),
('A10', 'PHADD', 'JBOIT', 53),
('A10', 'PHADD', 'JCATAP', 54),
('A10', 'PHADD', 'JCERC', 57),
('A10', 'PHADD', 'JCHEN', 19),
('A10', 'PHADD', 'JCLOP', 19),
('A10', 'PHADD', 'JCLOP', 29),
('A10', 'PHADD', 'JCOLE', 29),
('A10', 'PHADD', 'JCOLO', 29),
('A10', 'PHADD', 'JCORNE', 14),
('A10', 'PHADD', 'JCORNI', 14),
('A10', 'PHADD', 'JCORNI', 20),
('A10', 'PHADD', 'JCYCLON', 56),
('A10', 'PHADD', 'JECOR', 54),
('A10', 'PHADD', 'JECRA', 56),
('A10', 'PHADD', 'JEMPL', 29),
('A10', 'PHADD', 'JFLIB', 14),
('A10', 'PHADD', 'JFORB', 14),
('A10', 'PHADD', 'JFORB', 19),
('A10', 'PHADD', 'JGANG', 31),
('A10', 'PHADD', 'JGARG', 29),
('A10', 'PHADD', 'JGRED', 31),
('A10', 'PHADD', 'JLACH', 20),
('A10', 'PHADD', 'JMERCE', 14),
('A10', 'PHADD', 'JMILL', 60),
('A10', 'PHADD', 'JNEGR', 29),
('A10', 'PHADD', 'JPHYL', 29),
('A10', 'PHADD', 'JPIRA', 14),
('A10', 'PHADD', 'JPIRA', 53),
('A10', 'PHADD', 'JPOTE', 14),
('A10', 'PHADD', 'JPYROP', 29),
('A10', 'PHADD', 'JSACRIP', 53),
('A10', 'PHADD', 'JSAPA', 14),
('A10', 'PHADD', 'JSAPA', 29),
('A10', 'PHADD', 'JSAPA', 54),
('A10', 'PHADD', 'JSCOL', 20),
('A10', 'PHADD', 'JTON1', 5),
('A10', 'PHADD', 'JTON1', 28),
('A10', 'PHADD', 'JTON1', 45),
('A10', 'PHADD', 'JTON1', 61),
('A10', 'PHADD', 'JTOPI', 29),
('A10', 'PHADD', 'JVANU', 20),
('A10', 'PHADD', 'JVERMIC', 29),
('A10', 'PHADD', 'JVERMIN', 19),
('A10', 'PHADD', 'JVERS', 29),
('A10', 'PHADD', 'JZIGO', 29),
('A10', 'PHADD', 'JZUT', 46),
('A10', 'PHADD', 'JZUT', 61),
('A11', 'PHADD', 'JANAL', 20),
('A11', 'PHADD', 'JANAL', 52),
('A11', 'PHADD', 'JBABO', 30),
('A11', 'PHADD', 'JBACH', 7),
('A11', 'PHADD', 'JBACH', 43),
('A11', 'PHADD', 'JBAND', 30),
('A11', 'PHADD', 'JCANAQ', 29),
('A11', 'PHADD', 'JCANN', 29),
('A11', 'PHADD', 'JCARN', 4),
('A11', 'PHADD', 'JCERC', 30),
('A11', 'PHADD', 'JCOQU', 29),
('A11', 'PHADD', 'JCRETA', 41),
('A11', 'PHADD', 'JCRETI', 20),
('A11', 'PHADD', 'JECTO', 28),
('A11', 'PHADD', 'JECTO', 43),
('A11', 'PHADD', 'JEMPL', 43),
('A11', 'PHADD', 'JENFE', 18),
('A11', 'PHADD', 'JICON', 29),
('A11', 'PHADD', 'JKHRO', 45),
('A11', 'PHADD', 'JMACA', 30),
('A11', 'PHADD', 'JMARI2', 4),
('A11', 'PHADD', 'JMARI2', 43),
('A11', 'PHADD', 'JMILL', 2),
('A11', 'PHADD', 'JMILL', 3),
('A11', 'PHADD', 'JMILL', 7),
('A11', 'PHADD', 'JMILL', 9),
('A11', 'PHADD', 'JMILL', 11),
('A11', 'PHADD', 'JMILL', 12),
('A11', 'PHADD', 'JMILL', 16),
('A11', 'PHADD', 'JMILL', 17),
('A11', 'PHADD', 'JMILL', 18),
('A11', 'PHADD', 'JMILL', 19),
('A11', 'PHADD', 'JMILL', 20),
('A11', 'PHADD', 'JMILL', 23),
('A11', 'PHADD', 'JMILL', 27),
('A11', 'PHADD', 'JMILL', 29),
('A11', 'PHADD', 'JMILL', 30),
('A11', 'PHADD', 'JMILL', 37),
('A11', 'PHADD', 'JMILL', 41),
('A11', 'PHADD', 'JMILL', 42),
('A11', 'PHADD', 'JMILL', 43),
('A11', 'PHADD', 'JMILL', 47),
('A11', 'PHADD', 'JMILL', 48),
('A11', 'PHADD', 'JMILL', 49),
('A11', 'PHADD', 'JMILL', 51),
('A11', 'PHADD', 'JMILL', 52),
('A11', 'PHADD', 'JMILL', 53),
('A11', 'PHADD', 'JMILL', 58),
('A11', 'PHADD', 'JMILL', 62),
('A11', 'PHADD', 'JMOUL', 28),
('A11', 'PHADD', 'JSAJO', 30),
('A11', 'PHADD', 'JTRES', 61),
('A11', 'PHADD', 'JZUT', 27),
('A12', 'PHADD', 'JANAL', 43),
('A12', 'PHADD', 'JANAL', 58),
('A12', 'PHADD', 'JBACH', 47),
('A12', 'PHADD', 'JBAND', 48),
('A12', 'PHADD', 'JBAND', 55),
('A12', 'PHADD', 'JBAND', 59),
('A12', 'PHADD', 'JBRUT', 45),
('A12', 'PHADD', 'JBRUT', 55),
('A12', 'PHADD', 'JCANAI', 45),
('A12', 'PHADD', 'JCANAQ', 47),
('A12', 'PHADD', 'JCHAU', 55),
('A12', 'PHADD', 'JCORNI', 43),
('A12', 'PHADD', 'JCORNI', 55),
('A12', 'PHADD', 'JCRETI', 58),
('A12', 'PHADD', 'JDIAB', 26),
('A12', 'PHADD', 'JECRA', 55),
('A12', 'PHADD', 'JECTO', 43),
('A12', 'PHADD', 'JECTO', 58),
('A12', 'PHADD', 'JGARN', 59),
('A12', 'PHADD', 'JGRED', 43),
('A12', 'PHADD', 'JICON', 59),
('A12', 'PHADD', 'JMILL', 6),
('A12', 'PHADD', 'JMILL', 7),
('A12', 'PHADD', 'JMILL', 14),
('A12', 'PHADD', 'JMILL', 27),
('A12', 'PHADD', 'JMILL', 29),
('A12', 'PHADD', 'JMILL', 34),
('A12', 'PHADD', 'JMILL', 38),
('A12', 'PHADD', 'JMILL', 42),
('A12', 'PHADD', 'JMILL', 48),
('A12', 'PHADD', 'JMILL', 51),
('A12', 'PHADD', 'JMILL', 54),
('A12', 'PHADD', 'JMILL', 58),
('A12', 'PHADD', 'JMOUL', 55),
('A12', 'PHADD', 'JMOUL', 58),
('A12', 'PHADD', 'JNYCT', 55),
('A12', 'PHADD', 'JPARB', 41),
('A12', 'PHADD', 'JPIRA', 47),
('A12', 'PHADD', 'JPROT', 45),
('A12', 'PHADD', 'JSALT', 55),
('A12', 'PHADD', 'JSAPR', 27),
('A12', 'PHADD', 'JSAUV', 43),
('A12', 'PHADD', 'JSAUV', 45),
('A12', 'PHADD', 'JTON1', 6),
('A12', 'PHADD', 'JTON1', 7),
('A12', 'PHADD', 'JTON1', 14),
('A12', 'PHADD', 'JTON1', 29),
('A12', 'PHADD', 'JTON1', 34),
('A12', 'PHADD', 'JTON1', 35),
('A12', 'PHADD', 'JTON1', 47),
('A12', 'PHADD', 'JTON1', 50),
('A12', 'PHADD', 'JTON1', 51),
('A12', 'PHADD', 'JTON1', 54),
('A12', 'PHADD', 'JTON1', 55),
('A12', 'PHADD', 'JTON1', 59),
('A12', 'PHADD', 'JTON1', 62),
('A12', 'PHADD', 'JTON2', 7),
('A12', 'PHADD', 'JTON2', 27),
('A12', 'PHADD', 'JVAMP', 45),
('A12', 'PHADD', 'JVANU', 43),
('A12', 'PHADD', 'JZOUL', 55),
('A13', 'PHADD', 'J!10', 32),
('A13', 'PHADD', 'J!11', 38),
('A13', 'PHADD', 'J!12', 49),
('A13', 'PHADD', 'J!13', 61),
('A13', 'PHADD', 'J!9', 30),
('A13', 'PHADD', 'JANTH', 36),
('A13', 'PHADD', 'JANTH', 47),
('A13', 'PHADD', 'JAUNO', 28),
('A13', 'PHADD', 'JAUNO', 52),
('A13', 'PHADD', 'JBACH', 33),
('A13', 'PHADD', 'JBAND', 24),
('A13', 'PHADD', 'JBETE', 2),
('A13', 'PHADD', 'JBETE', 35),
('A13', 'PHADD', 'JBETE', 38),
('A13', 'PHADD', 'JBETE', 39),
('A13', 'PHADD', 'JBONS', 44),
('A13', 'PHADD', 'JBONS', 55),
('A13', 'PHADD', 'JCANAI', 33),
('A13', 'PHADD', 'JCANAQ', 18),
('A13', 'PHADD', 'JCORNI', 9),
('A13', 'PHADD', 'JCORNI', 48),
('A13', 'PHADD', 'JDORY', 30),
('A13', 'PHADD', 'JDORY', 48),
('A13', 'PHADD', 'JECTO', 48),
('A13', 'PHADD', 'JFLIB', 24),
('A13', 'PHADD', 'JFLIB', 33),
('A13', 'PHADD', 'JICON', 9),
('A13', 'PHADD', 'JICON', 21),
('A13', 'PHADD', 'JLACH', 48),
('A13', 'PHADD', 'JMAPA', 29),
('A13', 'PHADD', 'JMARC1', 33),
('A13', 'PHADD', 'JMARC2', 9),
('A13', 'PHADD', 'JMILL', 4),
('A13', 'PHADD', 'JMILL', 5),
('A13', 'PHADD', 'JMILL', 9),
('A13', 'PHADD', 'JMILL', 10),
('A13', 'PHADD', 'JMILL', 14),
('A13', 'PHADD', 'JMILL', 20),
('A13', 'PHADD', 'JMILL', 22),
('A13', 'PHADD', 'JMILL', 29),
('A13', 'PHADD', 'JMILL', 30),
('A13', 'PHADD', 'JMILL', 32),
('A13', 'PHADD', 'JMILL', 34),
('A13', 'PHADD', 'JMILL', 35),
('A13', 'PHADD', 'JMILL', 36),
('A13', 'PHADD', 'JMILL', 37),
('A13', 'PHADD', 'JMILL', 40),
('A13', 'PHADD', 'JMILL', 43),
('A13', 'PHADD', 'JMILL', 46),
('A13', 'PHADD', 'JMILL', 49),
('A13', 'PHADD', 'JMILL', 51),
('A13', 'PHADD', 'JMILL', 54),
('A13', 'PHADD', 'JMILL', 55),
('A13', 'PHADD', 'JMILL', 61),
('A13', 'PHADD', 'JMOND', 42),
('A13', 'PHADD', 'JMOND', 45),
('A13', 'PHADD', 'JMOUL', 30),
('A13', 'PHADD', 'JMOUL', 47),
('A13', 'PHADD', 'JPATAG', 33),
('A13', 'PHADD', 'JPHEN', 32),
('A13', 'PHADD', 'JPIRA', 9),
('A13', 'PHADD', 'JPIRA', 24),
('A13', 'PHADD', 'JPIRA', 30),
('A13', 'PHADD', 'JPOUS', 47),
('A13', 'PHADD', 'JSACRIP', 12),
('A13', 'PHADD', 'JSAPE', 5),
('A13', 'PHADD', 'JSAUV', 9),
('A13', 'PHADD', 'JSAUV', 50),
('A13', 'PHADD', 'JTCHO', 33),
('A13', 'PHADD', 'JTERR', 48),
('A13', 'PHADD', 'JTON1', 2),
('A13', 'PHADD', 'JTON1', 3),
('A13', 'PHADD', 'JTON1', 5),
('A13', 'PHADD', 'JTON1', 6),
('A13', 'PHADD', 'JTON1', 9),
('A13', 'PHADD', 'JTON1', 10),
('A13', 'PHADD', 'JTON1', 12),
('A13', 'PHADD', 'JTON1', 18),
('A13', 'PHADD', 'JTON1', 21),
('A13', 'PHADD', 'JTON1', 24),
('A13', 'PHADD', 'JTON1', 28),
('A13', 'PHADD', 'JTON1', 29),
('A13', 'PHADD', 'JTON1', 32),
('A13', 'PHADD', 'JTON1', 35),
('A13', 'PHADD', 'JTON1', 36),
('A13', 'PHADD', 'JTON1', 39),
('A13', 'PHADD', 'JTON1', 40),
('A13', 'PHADD', 'JTON1', 49),
('A13', 'PHADD', 'JTON1', 50),
('A13', 'PHADD', 'JTON1', 54),
('A13', 'PHADD', 'JTON1', 55),
('A13', 'PHADD', 'JTON1', 61),
('A13', 'PHADD', 'JTON2', 29),
('A13', 'PHADD', 'JVANU', 47),
('A13', 'PHADD', 'JZAPO', 33),
('A13', 'PHADD', 'JZAPO', 47),
('A13', 'PHADD', 'JZOUA', 32),
('A13', 'PHADD', 'JZOUA', 36),
('A13', 'PHADD', 'JZUT', 26),
('A14', 'PHADD', 'JANAC', 57),
('A14', 'PHADD', 'JBACH', 57),
('A14', 'PHADD', 'JBRUT', 57),
('A14', 'PHADD', 'JCORNI', 58),
('A14', 'PHADD', 'JECTO', 57),
('A14', 'PHADD', 'JMILL', 60),
('A14', 'PHADD', 'JMILL', 61),
('A14', 'PHADD', 'JMILL', 62),
('A14', 'PHADD', 'JOLIB', 62),
('A14', 'PHADD', 'JORNI', 58),
('A14', 'PHADD', 'JORYC', 57),
('A14', 'PHADD', 'JPIRA', 57),
('A14', 'PHADD', 'JTON1', 58),
('A14', 'PHADD', 'JTON1', 59),
('A14', 'PHADD', 'JTON1', 62),
('A14', 'PHADD', 'JVOLE', 57),
('A15', 'PHADD', 'JANAC', 46),
('A15', 'PHADD', 'JAUNO', 40),
('A15', 'PHADD', 'JBACH', 4),
('A15', 'PHADD', 'JBACH', 54),
('A15', 'PHADD', 'JBAND', 26),
('A15', 'PHADD', 'JBONS', 55),
('A15', 'PHADD', 'JBRUT', 43),
('A15', 'PHADD', 'JCANAQ', 5),
('A15', 'PHADD', 'JCANAQ', 12),
('A15', 'PHADD', 'JCHAU', 43),
('A15', 'PHADD', 'JCORNI', 5),
('A15', 'PHADD', 'JCORNI', 11),
('A15', 'PHADD', 'JCORNI', 39),
('A15', 'PHADD', 'JCORNI', 46),
('A15', 'PHADD', 'JCYCLOT', 43),
('A15', 'PHADD', 'JDEGR', 41),
('A15', 'PHADD', 'JDIAB', 31),
('A15', 'PHADD', 'JDIAB', 34),
('A15', 'PHADD', 'JECRA', 43),
('A15', 'PHADD', 'JECTO', 4),
('A15', 'PHADD', 'JECTO', 5),
('A15', 'PHADD', 'JEMPL', 49),
('A15', 'PHADD', 'JFICH', 32),
('A15', 'PHADD', 'JGRED', 32),
('A15', 'PHADD', 'JKUKL', 12),
('A15', 'PHADD', 'JLOGA', 5),
('A15', 'PHADD', 'JMALH', 3),
('A15', 'PHADD', 'JMALH', 12),
('A15', 'PHADD', 'JMAPA', 10),
('A15', 'PHADD', 'JMARM', 49),
('A15', 'PHADD', 'JMAZE', 4),
('A15', 'PHADD', 'JMILL', 2),
('A15', 'PHADD', 'JMILL', 4),
('A15', 'PHADD', 'JMILL', 5),
('A15', 'PHADD', 'JMILL', 6),
('A15', 'PHADD', 'JMILL', 7),
('A15', 'PHADD', 'JMILL', 8),
('A15', 'PHADD', 'JMILL', 10),
('A15', 'PHADD', 'JMILL', 18),
('A15', 'PHADD', 'JMILL', 26),
('A15', 'PHADD', 'JMILL', 30),
('A15', 'PHADD', 'JMILL', 31),
('A15', 'PHADD', 'JMILL', 36),
('A15', 'PHADD', 'JMILL', 38),
('A15', 'PHADD', 'JMILL', 40),
('A15', 'PHADD', 'JMILL', 44),
('A15', 'PHADD', 'JMILL', 46),
('A15', 'PHADD', 'JMILL', 47),
('A15', 'PHADD', 'JMILL', 48),
('A15', 'PHADD', 'JMILL', 49),
('A15', 'PHADD', 'JMILL', 52),
('A15', 'PHADD', 'JMILL', 53),
('A15', 'PHADD', 'JMILL', 55),
('A15', 'PHADD', 'JMILL', 60),
('A15', 'PHADD', 'JOLIB', 6),
('A15', 'PHADD', 'JOLIB', 36),
('A15', 'PHADD', 'JPHEN', 52),
('A15', 'PHADD', 'JPIRA', 3),
('A15', 'PHADD', 'JPIRA', 5),
('A15', 'PHADD', 'JPIRA', 26),
('A15', 'PHADD', 'JSAPA', 5),
('A15', 'PHADD', 'JSATA', 14),
('A15', 'PHADD', 'JTON1', 5),
('A15', 'PHADD', 'JTON1', 6),
('A15', 'PHADD', 'JTON1', 7),
('A15', 'PHADD', 'JTON1', 11),
('A15', 'PHADD', 'JTON1', 12),
('A15', 'PHADD', 'JTON1', 32),
('A15', 'PHADD', 'JTON1', 39),
('A15', 'PHADD', 'JTON1', 47),
('A15', 'PHADD', 'JTON1', 48),
('A15', 'PHADD', 'JTON1', 50),
('A15', 'PHADD', 'JTON1', 52),
('A15', 'PHADD', 'JTON1', 55),
('A15', 'PHADD', 'JTON2', 48),
('A15', 'PHADD', 'JZOUA', 2),
('A15', 'PHADD', 'JZOUA', 11),
('A15', 'PHADD', 'JZOUA', 31),
('A16', 'PHADD', 'JAGNE', 47),
('A16', 'PHADD', 'JANAC', 46),
('A16', 'PHADD', 'JANTH', 47),
('A16', 'PHADD', 'JANTR', 45),
('A16', 'PHADD', 'JAUNO', 33),
('A16', 'PHADD', 'JAUNO', 55),
('A16', 'PHADD', 'JBACH', 31),
('A16', 'PHADD', 'JBACH', 44),
('A16', 'PHADD', 'JBACH', 47),
('A16', 'PHADD', 'JBAND', 46),
('A16', 'PHADD', 'JBRON', 3),
('A16', 'PHADD', 'JBRUT', 45),
('A16', 'PHADD', 'JCANN', 54),
('A16', 'PHADD', 'JCARN', 20),
('A16', 'PHADD', 'JCOLE', 47),
('A16', 'PHADD', 'JDEGR', 36),
('A16', 'PHADD', 'JECTO', 56),
('A16', 'PHADD', 'JEMPL', 12),
('A16', 'PHADD', 'JEMPL', 20),
('A16', 'PHADD', 'JFAUX', 46),
('A16', 'PHADD', 'JFLUT', 54),
('A16', 'PHADD', 'JGRAIS', 20),
('A16', 'PHADD', 'JGRAIS', 43),
('A16', 'PHADD', 'JGRED', 54),
('A16', 'PHADD', 'JHORR', 33),
('A16', 'PHADD', 'JICON', 55),
('A16', 'PHADD', 'JJUDA', 46),
('A16', 'PHADD', 'JMARI2', 52),
('A16', 'PHADD', 'JMERI', 13),
('A16', 'PHADD', 'JMILL', 2),
('A16', 'PHADD', 'JMILL', 3),
('A16', 'PHADD', 'JMILL', 4),
('A16', 'PHADD', 'JMILL', 6),
('A16', 'PHADD', 'JMILL', 10),
('A16', 'PHADD', 'JMILL', 11),
('A16', 'PHADD', 'JMILL', 15),
('A16', 'PHADD', 'JMILL', 16),
('A16', 'PHADD', 'JMILL', 20),
('A16', 'PHADD', 'JMILL', 27),
('A16', 'PHADD', 'JMILL', 28),
('A16', 'PHADD', 'JMILL', 29),
('A16', 'PHADD', 'JMILL', 33),
('A16', 'PHADD', 'JMILL', 34),
('A16', 'PHADD', 'JMILL', 35),
('A16', 'PHADD', 'JMILL', 36),
('A16', 'PHADD', 'JMILL', 38),
('A16', 'PHADD', 'JMILL', 43),
('A16', 'PHADD', 'JMILL', 44),
('A16', 'PHADD', 'JMILL', 45),
('A16', 'PHADD', 'JMILL', 46),
('A16', 'PHADD', 'JMILL', 47),
('A16', 'PHADD', 'JMILL', 48),
('A16', 'PHADD', 'JMILL', 49),
('A16', 'PHADD', 'JMILL', 50),
('A16', 'PHADD', 'JMILL', 52),
('A16', 'PHADD', 'JMILL', 54),
('A16', 'PHADD', 'JMILL', 55),
('A16', 'PHADD', 'JMILL', 56),
('A16', 'PHADD', 'JMILL', 62),
('A16', 'PHADD', 'JMOUL', 43),
('A16', 'PHADD', 'JMOUL', 54),
('A16', 'PHADD', 'JOLIB', 44),
('A16', 'PHADD', 'JPIRA', 52),
('A16', 'PHADD', 'JPLEU', 48),
('A16', 'PHADD', 'JSAPR', 16),
('A16', 'PHADD', 'JSAPR', 35),
('A16', 'PHADD', 'JSAUV', 55),
('A16', 'PHADD', 'JSCOR', 53),
('A16', 'PHADD', 'JTETE', 36),
('A16', 'PHADD', 'JTON1', 3),
('A16', 'PHADD', 'JTON1', 15),
('A16', 'PHADD', 'JTON1', 26),
('A16', 'PHADD', 'JTON1', 27),
('A16', 'PHADD', 'JTON1', 28),
('A16', 'PHADD', 'JTON1', 31),
('A16', 'PHADD', 'JTON1', 33),
('A16', 'PHADD', 'JTON1', 36),
('A16', 'PHADD', 'JTON1', 42),
('A16', 'PHADD', 'JTON1', 43),
('A16', 'PHADD', 'JTON1', 44),
('A16', 'PHADD', 'JTON1', 54),
('A16', 'PHADD', 'JTON1', 55),
('A16', 'PHADD', 'JTON1', 56),
('A16', 'PHADD', 'JTON2', 33),
('A16', 'PHADD', 'JTON2', 38),
('A16', 'PHADD', 'JTON2', 48),
('A16', 'PHADD', 'JTON2', 59),
('A16', 'PHADD', 'JTORT', 45),
('A16', 'PHADD', 'JVIVI', 45),
('A16', 'PHADD', 'JZOUA', 62),
('A17', 'PHADD', 'J!2', 36),
('A17', 'PHADD', 'J!3', 36),
('A17', 'PHADD', 'J!4', 42),
('A17', 'PHADD', 'J!5', 19),
('A17', 'PHADD', 'JANAC', 31),
('A17', 'PHADD', 'JANTR', 36),
('A17', 'PHADD', 'JAUNO', 7),
('A17', 'PHADD', 'JAUTOC', 34),
('A17', 'PHADD', 'JAUTOD', 22),
('A17', 'PHADD', 'JBACH', 28),
('A17', 'PHADD', 'JBACH', 31),
('A17', 'PHADD', 'JBACH', 36),
('A17', 'PHADD', 'JBACH', 42),
('A17', 'PHADD', 'JBAND', 31),
('A17', 'PHADD', 'JBAND', 36),
('A17', 'PHADD', 'JBONS', 7),
('A17', 'PHADD', 'JBRUT', 22),
('A17', 'PHADD', 'JBRUT', 32),
('A17', 'PHADD', 'JBRUT', 34),
('A17', 'PHADD', 'JBRUT', 36),
('A17', 'PHADD', 'JCHAU', 12),
('A17', 'PHADD', 'JCORNI', 28),
('A17', 'PHADD', 'JECRA', 12),
('A17', 'PHADD', 'JECRA', 22),
('A17', 'PHADD', 'JECRA', 36),
('A17', 'PHADD', 'JECTO', 19),
('A17', 'PHADD', 'JEGOI', 34),
('A17', 'PHADD', 'JEMPL', 33),
('A17', 'PHADD', 'JFLIB', 22),
('A17', 'PHADD', 'JGALO', 48),
('A17', 'PHADD', 'JGRAIS', 33),
('A17', 'PHADD', 'JGROS', 34),
('A17', 'PHADD', 'JIVRO', 12),
('A17', 'PHADD', 'JMALO', 19),
('A17', 'PHADD', 'JMALP', 28),
('A17', 'PHADD', 'JMILL', 3),
('A17', 'PHADD', 'JMILL', 4),
('A17', 'PHADD', 'JMILL', 5),
('A17', 'PHADD', 'JMILL', 7),
('A17', 'PHADD', 'JMILL', 8),
('A17', 'PHADD', 'JMILL', 9),
('A17', 'PHADD', 'JMILL', 14),
('A17', 'PHADD', 'JMILL', 15),
('A17', 'PHADD', 'JMILL', 16),
('A17', 'PHADD', 'JMILL', 18),
('A17', 'PHADD', 'JMILL', 19),
('A17', 'PHADD', 'JMILL', 20),
('A17', 'PHADD', 'JMILL', 24),
('A17', 'PHADD', 'JMILL', 28),
('A17', 'PHADD', 'JMILL', 31),
('A17', 'PHADD', 'JMILL', 32),
('A17', 'PHADD', 'JMILL', 33),
('A17', 'PHADD', 'JMILL', 34),
('A17', 'PHADD', 'JMILL', 35),
('A17', 'PHADD', 'JMILL', 36),
('A17', 'PHADD', 'JMILL', 37),
('A17', 'PHADD', 'JMILL', 38),
('A17', 'PHADD', 'JMILL', 39),
('A17', 'PHADD', 'JMILL', 42),
('A17', 'PHADD', 'JMILL', 45),
('A17', 'PHADD', 'JMILL', 46),
('A17', 'PHADD', 'JMILL', 48),
('A17', 'PHADD', 'JMILL', 49),
('A17', 'PHADD', 'JMILL', 50),
('A17', 'PHADD', 'JMILL', 54),
('A17', 'PHADD', 'JMILL', 59),
('A17', 'PHADD', 'JMILL', 60),
('A17', 'PHADD', 'JMILL', 61),
('A17', 'PHADD', 'JMILL', 62),
('A17', 'PHADD', 'JMOUL', 12),
('A17', 'PHADD', 'JMOUL', 22),
('A17', 'PHADD', 'JMOUL', 28),
('A17', 'PHADD', 'JMOUL', 34),
('A17', 'PHADD', 'JPARB', 9),
('A17', 'PHADD', 'JPIGN', 34),
('A17', 'PHADD', 'JPOLY', 34),
('A17', 'PHADD', 'JPROF', 34),
('A17', 'PHADD', 'JTON1', 2),
('A17', 'PHADD', 'JTON1', 3),
('A17', 'PHADD', 'JTON1', 4),
('A17', 'PHADD', 'JTON1', 9),
('A17', 'PHADD', 'JTON1', 29),
('A17', 'PHADD', 'JTON1', 39),
('A17', 'PHADD', 'JTON1', 42),
('A17', 'PHADD', 'JTON1', 45),
('A17', 'PHADD', 'JTON1', 48),
('A17', 'PHADD', 'JTON1', 50),
('A17', 'PHADD', 'JTON1', 61),
('A17', 'PHADD', 'JTON1', 62),
('A17', 'PHADD', 'JTON2', 16),
('A17', 'PHADD', 'JTON2', 19),
('A17', 'PHADD', 'JTON2', 32),
('A17', 'PHADD', 'JTON2', 34),
('A17', 'PHADD', 'JTON2', 37),
('A17', 'PHADD', 'JTON2', 39),
('A17', 'PHADD', 'JTON2', 44),
('A17', 'PHADD', 'JTON2', 45),
('A17', 'PHADD', 'JTON2', 46),
('A17', 'PHADD', 'JTROG', 34),
('A17', 'PHADD', 'JVANU', 34),
('A17', 'PHADD', 'JZUT', 8),
('A18', 'PHADD', 'J!6', 44),
('A18', 'PHADD', 'J!7', 49),
('A18', 'PHADD', 'J!8', 56),
('A18', 'PHADD', 'JANAC', 46),
('A18', 'PHADD', 'JANIM', 52),
('A18', 'PHADD', 'JANTR', 49),
('A18', 'PHADD', 'JBACH', 49),
('A18', 'PHADD', 'JBAND', 34),
('A18', 'PHADD', 'JBOIT', 49),
('A18', 'PHADD', 'JCANN', 49),
('A18', 'PHADD', 'JCATAS', 54),
('A18', 'PHADD', 'JCERC', 49),
('A18', 'PHADD', 'JCHOL', 14),
('A18', 'PHADD', 'JCOLO', 47),
('A18', 'PHADD', 'JCOLO', 49),
('A18', 'PHADD', 'JCORNI', 4),
('A18', 'PHADD', 'JCORNI', 46),
('A18', 'PHADD', 'JCOUP', 44),
('A18', 'PHADD', 'JECTO', 35),
('A18', 'PHADD', 'JECTO', 49),
('A18', 'PHADD', 'JECTO', 50),
('A18', 'PHADD', 'JEMPL', 47),
('A18', 'PHADD', 'JFLIB', 44),
('A18', 'PHADD', 'JFLIB', 49),
('A18', 'PHADD', 'JFLUT', 43),
('A18', 'PHADD', 'JFLUT', 53),
('A18', 'PHADD', 'JFORB', 48),
('A18', 'PHADD', 'JFORB', 50),
('A18', 'PHADD', 'JFRER', 44),
('A18', 'PHADD', 'JGANG', 34),
('A18', 'PHADD', 'JGRAIS', 47),
('A18', 'PHADD', 'JGRED', 14),
('A18', 'PHADD', 'JJOCR', 49),
('A18', 'PHADD', 'JMALE', 56),
('A18', 'PHADD', 'JMARC1', 49),
('A18', 'PHADD', 'JMILL', 4),
('A18', 'PHADD', 'JMILL', 5),
('A18', 'PHADD', 'JMILL', 8),
('A18', 'PHADD', 'JMILL', 14),
('A18', 'PHADD', 'JMILL', 16),
('A18', 'PHADD', 'JMILL', 20),
('A18', 'PHADD', 'JMILL', 22),
('A18', 'PHADD', 'JMILL', 26),
('A18', 'PHADD', 'JMILL', 34),
('A18', 'PHADD', 'JMILL', 38),
('A18', 'PHADD', 'JMILL', 42),
('A18', 'PHADD', 'JMILL', 50),
('A18', 'PHADD', 'JMILL', 55),
('A18', 'PHADD', 'JMILL', 62),
('A18', 'PHADD', 'JMOUL', 9),
('A18', 'PHADD', 'JMOUL', 49),
('A18', 'PHADD', 'JNAUF', 44),
('A18', 'PHADD', 'JORNI', 49),
('A18', 'PHADD', 'JOSTR', 49),
('A18', 'PHADD', 'JPARAN', 49),
('A18', 'PHADD', 'JPHEN', 9),
('A18', 'PHADD', 'JPIRA', 34),
('A18', 'PHADD', 'JPIRA', 44),
('A18', 'PHADD', 'JPIRA', 49),
('A18', 'PHADD', 'JPOTE', 44),
('A18', 'PHADD', 'JRAPA', 49),
('A18', 'PHADD', 'JSAPA', 49),
('A18', 'PHADD', 'JSCHI', 49),
('A18', 'PHADD', 'JTETE', 50),
('A18', 'PHADD', 'JTON1', 5),
('A18', 'PHADD', 'JTON1', 7),
('A18', 'PHADD', 'JTON1', 9),
('A18', 'PHADD', 'JTON1', 11),
('A18', 'PHADD', 'JTON1', 14),
('A18', 'PHADD', 'JTON1', 16),
('A18', 'PHADD', 'JTON1', 17),
('A18', 'PHADD', 'JTON1', 20),
('A18', 'PHADD', 'JTON1', 29),
('A18', 'PHADD', 'JTON1', 33),
('A18', 'PHADD', 'JTON1', 35),
('A18', 'PHADD', 'JTON1', 38),
('A18', 'PHADD', 'JTON1', 39),
('A18', 'PHADD', 'JTON1', 40),
('A18', 'PHADD', 'JTON1', 41),
('A18', 'PHADD', 'JTON1', 43),
('A18', 'PHADD', 'JTON1', 48),
('A18', 'PHADD', 'JTON1', 50),
('A18', 'PHADD', 'JTON1', 53),
('A18', 'PHADD', 'JTON1', 55),
('A18', 'PHADD', 'JTON1', 56),
('A18', 'PHADD', 'JTON2', 61),
('A18', 'PHADD', 'JTROM', 49),
('A18', 'PHADD', 'JVAND', 49),
('A18', 'PHADD', 'JVANU', 46),
('A18', 'PHADD', 'JVIPE', 44),
('A18', 'PHADD', 'JVISI', 44),
('A19', 'PHADD', 'J!1', 60),
('A19', 'PHADD', 'JAMPH', 26),
('A19', 'PHADD', 'JANTH', 26),
('A19', 'PHADD', 'JAUNO', 51),
('A19', 'PHADD', 'JBOIT', 26),
('A19', 'PHADD', 'JCANN', 26),
('A19', 'PHADD', 'JCOLO', 26),
('A19', 'PHADD', 'JCYAN', 26),
('A19', 'PHADD', 'JDIPL', 26),
('A19', 'PHADD', 'JECTO', 26),
('A19', 'PHADD', 'JECTO', 27),
('a19', 'PHADD', 'JEMPL', 27),
('A19', 'PHADD', 'JESCO', 60),
('A19', 'PHADD', 'JFLIB', 26),
('A19', 'PHADD', 'JMACR', 26),
('A19', 'PHADD', 'JMAME', 26),
('A19', 'PHADD', 'JMEGAC', 60),
('A19', 'PHADD', 'JMEGAL', 26),
('A19', 'PHADD', 'JMILL', 3),
('A19', 'PHADD', 'JMILL', 4),
('A19', 'PHADD', 'JMILL', 6),
('A19', 'PHADD', 'JMILL', 9),
('A19', 'PHADD', 'JMILL', 11),
('A19', 'PHADD', 'JMILL', 14),
('A19', 'PHADD', 'JMILL', 15),
('A19', 'PHADD', 'JMILL', 17),
('A19', 'PHADD', 'JMILL', 18),
('A19', 'PHADD', 'JMILL', 24),
('A19', 'PHADD', 'JMILL', 25),
('A19', 'PHADD', 'JMILL', 26),
('A19', 'PHADD', 'JMILL', 28),
('A19', 'PHADD', 'JMILL', 36),
('A19', 'PHADD', 'JMILL', 38),
('A19', 'PHADD', 'JMILL', 40),
('A19', 'PHADD', 'JMILL', 41),
('A19', 'PHADD', 'JMILL', 52),
('A19', 'PHADD', 'JMILL', 60),
('A19', 'PHADD', 'JMOUL', 35),
('A19', 'PHADD', 'JPHYL', 26),
('A19', 'PHADD', 'JPYROM', 60),
('A19', 'PHADD', 'JROCA', 26),
('A19', 'PHADD', 'JSATR', 27),
('A19', 'PHADD', 'JSOUL', 26),
('A19', 'PHADD', 'JTON1', 9),
('A19', 'PHADD', 'JTON1', 14),
('A19', 'PHADD', 'JTON1', 15),
('A19', 'PHADD', 'JTON1', 16),
('A19', 'PHADD', 'JTON1', 17),
('A19', 'PHADD', 'JTON1', 25),
('A19', 'PHADD', 'JTON1', 32),
('A19', 'PHADD', 'JTON1', 40),
('A19', 'PHADD', 'JTON1', 48),
('A19', 'PHADD', 'JTON1', 50),
('A19', 'PHADD', 'JTON1', 52),
('A19', 'PHADD', 'JTON2', 17),
('A19', 'PHADD', 'JTON2', 24),
('A19', 'PHADD', 'JTROM', 26),
('A19', 'PHADD', 'JVAMP', 26),
('A19', 'PHADD', 'JZUT', 2),
('A19', 'PHADD', 'JZUT', 9),
('A19', 'PHADD', 'JZUT', 51),
('A20', 'PHADD', 'JAUNO', 59),
('A20', 'PHADD', 'JBACH', 10),
('A20', 'PHADD', 'JCALA', 6),
('A20', 'PHADD', 'JCANN', 10),
('A20', 'PHADD', 'JCATACL', 6),
('A20', 'PHADD', 'JCATAS', 6),
('A20', 'PHADD', 'JCIEL', 57),
('A20', 'PHADD', 'JMILL', 2),
('A20', 'PHADD', 'JMILL', 4),
('A20', 'PHADD', 'JMILL', 6),
('A20', 'PHADD', 'JMILL', 7),
('A20', 'PHADD', 'JMILL', 10),
('A20', 'PHADD', 'JMILL', 12),
('A20', 'PHADD', 'JMILL', 18),
('A20', 'PHADD', 'JMILL', 19),
('A20', 'PHADD', 'JMILL', 22),
('A20', 'PHADD', 'JMILL', 24),
('A20', 'PHADD', 'JMILL', 25),
('A20', 'PHADD', 'JMILL', 26),
('A20', 'PHADD', 'JMILL', 27),
('A20', 'PHADD', 'JMILL', 38),
('A20', 'PHADD', 'JMILL', 41),
('A20', 'PHADD', 'JMILL', 44),
('A20', 'PHADD', 'JRAVA', 10),
('A20', 'PHADD', 'JTIGR', 2),
('A20', 'PHADD', 'JTON1', 2),
('A20', 'PHADD', 'JTON1', 6),
('A20', 'PHADD', 'JTON1', 8),
('A20', 'PHADD', 'JTON1', 26),
('A20', 'PHADD', 'JTON1', 30),
('A20', 'PHADD', 'JTON1', 59),
('A20', 'PHADD', 'JTON2', 6),
('A21', 'PHADD', 'JAPAC', 23),
('A21', 'PHADD', 'JBACH', 23),
('A21', 'PHADD', 'JBAND', 23),
('A21', 'PHADD', 'JBAND', 34),
('A21', 'PHADD', 'JBRUT', 18),
('A21', 'PHADD', 'JCANAI', 23),
('A21', 'PHADD', 'JECTO', 21),
('A21', 'PHADD', 'JECTO', 54),
('A21', 'PHADD', 'JMILL', 1),
('A21', 'PHADD', 'JMILL', 10),
('A21', 'PHADD', 'JMILL', 21),
('A21', 'PHADD', 'JMILL', 22),
('A21', 'PHADD', 'JMILL', 23),
('A21', 'PHADD', 'JMILL', 29),
('A21', 'PHADD', 'JMILL', 56),
('A21', 'PHADD', 'JMOUL', 22),
('A21', 'PHADD', 'JMOUL', 54),
('A21', 'PHADD', 'JOPHI', 23),
('A21', 'PHADD', 'JPHLE', 21),
('A21', 'PHADD', 'JRAVA', 21),
('A21', 'PHADD', 'JSATR', 21),
('A21', 'PHADD', 'JTON1', 1),
('A21', 'PHADD', 'JTON1', 10),
('A21', 'PHADD', 'JTON1', 11),
('A21', 'PHADD', 'JTON1', 12),
('A21', 'PHADD', 'JTON1', 16),
('A21', 'PHADD', 'JTON1', 21),
('A21', 'PHADD', 'JTON1', 26),
('A21', 'PHADD', 'JTON1', 34),
('A21', 'PHADD', 'JTON1', 44),
('A21', 'PHADD', 'JTON1', 60),
('A21', 'PHADD', 'JVAMP', 23),
('A21', 'PHADD', 'JVANU', 21),
('A21', 'PHADD', 'JZOUA', 27),
('A22', 'PHADD', 'J!16', 2),
('A22', 'PHADD', 'J!17', 6),
('A22', 'PHADD', 'JAUNO', 21),
('A22', 'PHADD', 'JBOUG', 19),
('A22', 'PHADD', 'JCANN', 42),
('A22', 'PHADD', 'JCARN', 8),
('A22', 'PHADD', 'JCLOP', 57),
('A22', 'PHADD', 'JDIAB', 14),
('A22', 'PHADD', 'JDIAB', 46),
('A22', 'PHADD', 'JFICH', 17),
('A22', 'PHADD', 'JFLUT', 3),
('A22', 'PHADD', 'JGROT', 31),
('A22', 'PHADD', 'JMALH', 21),
('A22', 'PHADD', 'JMAPA', 29),
('A22', 'PHADD', 'JMARC2', 8),
('A22', 'PHADD', 'JMILL', 2),
('A22', 'PHADD', 'JMILL', 3),
('A22', 'PHADD', 'JMILL', 17),
('A22', 'PHADD', 'JMILL', 18),
('A22', 'PHADD', 'JMILL', 19),
('A22', 'PHADD', 'JMILL', 23),
('A22', 'PHADD', 'JMONS', 53),
('A22', 'PHADD', 'JOSTR', 10),
('A22', 'PHADD', 'JPOLI', 10),
('A22', 'PHADD', 'JSINI', 42),
('A22', 'PHADD', 'JTETE', 11),
('A22', 'PHADD', 'JTON1', 11),
('A22', 'PHADD', 'JTON1', 19),
('A22', 'PHADD', 'JTON1', 20),
('A22', 'PHADD', 'JTON1', 56),
('A22', 'PHADD', 'JTORT', 42),
('A22', 'PHADD', 'JZAPO', 11),
('A22', 'PHADD', 'JZUT', 4),
('A22', 'PHADD', 'JZUT', 36),
('A07', 'PHALAN', 'JMOND', 2),
('A12', 'PHORN', 'JSAPR', 22),
('A20', 'PIRMA', 'JBRUT', 46),
('A04', 'PJENG', 'JTON2', 40),
('A16', 'PJORG', 'JANIM', 52),
('A16', 'PJORG', 'JIMBE', 41),
('A16', 'PJORG', 'JMALE', 43),
('A16', 'PJORG', 'JSACRE', 41),
('A21', 'PKROL', 'JTON1', 36),
('A17', 'PLAMP', 'JSAPR', 16),
('A22', 'PLAMP', 'JPOCH', 52),
('A10', 'PLOIS', 'JAUNO', 51),
('A10', 'PLOIS', 'JCANAI', 47),
('A10', 'PLOIS', 'JGRED', 44),
('A10', 'PLOIS', 'JIMBE', 47),
('A10', 'PLOIS', 'JIMBE', 51),
('A10', 'PLOIS', 'JTON2', 40),
('A10', 'PLOIS', 'JTON2', 41),
('A10', 'PLOIS', 'JTON2', 47),
('A10', 'PLOIS', 'JTON2', 61),
('A10', 'PLOIS', 'JZUT', 42),
('A04', 'PMAHA', 'JMALH', 4),
('A04', 'PMAHA', 'JMOND', 4),
('A15', 'PMILL', 'JTON2', 61),
('A16', 'PMILL', 'JBONS', 23),
('A16', 'PMILL', 'JSACRE', 1),
('A01', 'PMILO', 'JANIM', 2),
('A01', 'PMILO', 'JDIAB', 2),
('A01', 'PMILO', 'JDIAB', 22),
('A01', 'PMILO', 'JHORR', 5),
('A01', 'PMILO', 'JMALE', 34),
('A01', 'PMILO', 'JMAPA', 56),
('A01', 'PMILO', 'JMOND', 22),
('A01', 'PMILO', 'JPARE', 20),
('A01', 'PMILO', 'JSAPR', 1),
('A01', 'PMILO', 'JSAPR', 55),
('A01', 'PMILO', 'JZUT', 1),
('A02', 'PMILO', 'JMOND', 56),
('A03', 'PMILO', 'JFROU', 19),
('A03', 'PMILO', 'JHOMM', 15),
('A03', 'PMILO', 'JMISE', 28),
('A04', 'PMILO', 'JMAPA', 24),
('A07', 'PMILO', 'JSAPR', 33),
('A08', 'PMILO', 'JBRUT', 30),
('A08', 'PMILO', 'JMOND', 14),
('A08', 'PMILO', 'JSAPR', 30),
('A09', 'PMILO', 'JMALP', 2),
('A15', 'PMILO', 'JHOMM', 14),
('A15', 'PMILO', 'JSAPR', 51),
('A16', 'PMILO', 'JHOMM', 26),
('A19', 'PMILO', 'JHOMM', 45),
('A19', 'PMILO', 'JSAPE', 18),
('A21', 'PMILO', 'JBRUT', 3),
('A21', 'PMILO', 'JBUTO', 3),
('A21', 'PMILO', 'JFLUT', 6),
('A04', 'PMITS', 'JSAMO', 22),
('A04', 'PMITS', 'JSAMO', 25),
('A04', 'PMITS', 'JSAMO', 30),
('A04', 'PMITS', 'JSAMO', 48),
('A04', 'PMITS', 'JSAMO', 55),
('A04', 'PMITS', 'JTON2', 27),
('A04', 'PMITS', 'JTONF', 39),
('A01', 'PMUGA', 'JHORR', 25),
('A01', 'PMUGA', 'JMALH', 25),
('A01', 'PMUGA', 'JSACRIL', 25),
('A06', 'PMULL', 'JBIGR', 10),
('A06', 'PMULL', 'JMALE', 17),
('A06', 'PMULL', 'JMALE', 18),
('A06', 'PMULL', 'JMALE', 21),
('A06', 'PMULL', 'JMAPA', 25),
('A06', 'PMULL', 'JTON2', 24),
('A06', 'PMULL', 'JTON2', 36),
('A14', 'PMULL', 'JBETE', 46),
('A14', 'PMULL', 'JBONS', 28),
('A14', 'PMULL', 'JPEST', 45),
('A14', 'PMULL', 'JTON2', 27),
('A14', 'PMULL', 'JTON2', 28),
('A14', 'PMULL', 'JTON2', 46),
('A14', 'PMULL', 'JTON2', 59),
('A07', 'PMUSK', 'JSEPT', 44),
('A10', 'PNEST', 'JBONS', 51),
('A10', 'PNEST', 'JMOND', 52),
('A10', 'PNEST', 'JSAPR', 52),
('A17', 'PNEST', 'JFLUT', 3),
('A18', 'PNEST', 'JSATA', 29),
('A20', 'PNEST', 'JSAPR', 11),
('A13', 'PNOBL', 'JCHIE', 49),
('A13', 'PNOBL', 'JCHIE', 58),
('A13', 'PNOBL', 'JVIPE', 49),
('A18', 'PPACH', 'JTRIP', 26),
('A03', 'PPATR', 'JCHIE', 15),
('A05', 'PPERE', 'JBETE', 12),
('A05', 'PPERE', 'JCARA', 12),
('A05', 'PPERE', 'JCARA', 16),
('A05', 'PPERE', 'JCARA', 54),
('A05', 'PPERE', 'JGRED', 12),
('A05', 'PPERE', 'JIMBE', 11),
('A05', 'PPERE', 'JMALH', 11),
('A05', 'PPERR', 'JCARA', 11),
('A05', 'PPERR', 'JGROS', 5),
('A05', 'PPERR', 'JGROS', 6),
('A05', 'PPERR', 'JGROS', 7),
('A05', 'PPERR', 'JGROS', 9),
('A05', 'PPERR', 'JGROS', 11),
('A11', 'PPERR', 'J!13', 28),
('A11', 'PPERR', 'JANTH', 28),
('A11', 'PPERR', 'JBOIT', 29),
('A11', 'PPERR', 'JCORNI', 29),
('A11', 'PPERR', 'JCORNI', 43),
('A11', 'PPERR', 'JFROU', 29),
('A11', 'PPERR', 'JMARA', 29),
('A11', 'PPERR', 'JMARI2', 29),
('A11', 'PPERR', 'JMOUL', 28),
('A11', 'PPERR', 'JMOUL', 29),
('A11', 'PPERR', 'JMOUL', 51),
('A11', 'PPERR', 'JPALT', 29),
('A20', 'PPERR', 'JCIEL', 14),
('A20', 'PPERR', 'JMILL', 57),
('A09', 'PPHIL', 'JMALE', 19),
('A10', 'PRACK', 'JCHIE', 24),
('A10', 'PRACK', 'JLUCI', 24),
('A10', 'PRACK', 'JPORC', 24),
('A03', 'PRAST', 'JCRETI', 3),
('A03', 'PRAST', 'JFREL', 4),
('A03', 'PRAST', 'JIMBE', 3),
('A18', 'PRAST', 'JDIAB', 39),
('A18', 'PRAST', 'JDIAB', 40),
('A18', 'PRAST', 'JMOND', 38),
('A18', 'PRAST', 'JSAPR', 38),
('A18', 'PRAST', 'JTON2', 38),
('A21', 'PRAST', 'JABRU', 40),
('A21', 'PRAST', 'JANIM', 31),
('A21', 'PRAST', 'JCANAI', 30),
('A21', 'PRAST', 'JCRETI', 40),
('A21', 'PRAST', 'JFLUT', 19),
('A21', 'PRAST', 'JFREL', 19),
('A21', 'PRAST', 'JFROU', 41),
('A21', 'PRAST', 'JIDIO', 40),
('A21', 'PRAST', 'JIMBE', 19),
('A21', 'PRAST', 'JIMBE', 36),
('A21', 'PRAST', 'JMALA', 19),
('A21', 'PRAST', 'JMAUV', 48),
('A21', 'PRAST', 'JMEDI', 30),
('A21', 'PRAST', 'JSAPA', 30),
('A21', 'PRAST', 'JTON2', 34),
('A21', 'PRAST', 'JTRIP', 40),
('A05', 'PRIGD', 'JGRED', 52),
('A05', 'PRIGD', 'JIMBE', 52),
('A03', 'PSICL', 'JBETE', 42),
('A02', 'PSMIL', 'JCABO', 40),
('A02', 'PSMIL', 'JSAPR', 19),
('A02', 'PSMIL', 'JSAPR', 39),
('A02', 'PSMIL', 'JTON2', 13),
('A02', 'PSMIL', 'JTON2', 17),
('A02', 'PSMIL', 'JTON2', 20),
('A02', 'PSMIL', 'JTON2', 23),
('A02', 'PSMIL', 'JTON2', 24),
('A02', 'PSMIL', 'JTON2', 28),
('A02', 'PSMIL', 'JTON2', 41),
('A02', 'PSMIL', 'JTON2', 42),
('A02', 'PSMIL', 'JZUT', 19),
('A21', 'PSPAL', 'JMOND', 18),
('A17', 'PSPON', 'JANDO', 55),
('A17', 'PSPON', 'JMOUS', 46),
('A17', 'PSPON', 'JMOUS', 52),
('A17', 'PSPON', 'JMOUS', 55),
('A17', 'PSPON', 'JMOUS', 56),
('A17', 'PSPON', 'JMOUS', 59),
('A22', 'PSPON', 'JMOUS', 16),
('A17', 'PSZPR', 'JMARI1', 19),
('A17', 'PSZPR', 'JMOUS', 43),
('A03', 'PTHOM', 'JFICH', 12),
('A03', 'PTHOM', 'JTON2', 10),
('A08', 'PTHOM', 'JCANAI', 17),
('A08', 'PTHOM', 'JGRED', 24),
('A08', 'PTHOM', 'JIDIO', 13),
('A08', 'PTHOM', 'JIMBE', 13),
('A08', 'PTHOM', 'JIVRO', 14),
('A08', 'PTHOM', 'JMALE', 60),
('A08', 'PTHOM', 'JMALH', 9),
('A08', 'PTHOM', 'JTON2', 16),
('A08', 'PTHOM', 'JTON2', 43),
('A08', 'PTHOM', 'JTON2', 59),
('A18', 'PTHOM', 'JDIAB', 45),
('A18', 'PTHOM', 'JTON2', 45),
('A01', 'PTINT', 'JBAND', 43),
('A01', 'PTINT', 'JDIAB', 40),
('A01', 'PTINT', 'JDIAB', 54),
('A01', 'PTINT', 'JDIAB', 57),
('A01', 'PTINT', 'JFORB', 42),
('A01', 'PTINT', 'JGAIL', 18),
('A01', 'PTINT', 'JHORR', 19),
('A01', 'PTINT', 'JHORR', 43),
('A01', 'PTINT', 'JMALH', 3),
('A01', 'PTINT', 'JMALH', 17),
('A01', 'PTINT', 'JMALH', 38),
('A01', 'PTINT', 'JMAPA', 49),
('A01', 'PTINT', 'JMISE', 33),
('A01', 'PTINT', 'JMOND', 14),
('A01', 'PTINT', 'JMOND', 19),
('A01', 'PTINT', 'JMOND', 23),
('A01', 'PTINT', 'JMOND', 34),
('A01', 'PTINT', 'JMOND', 41),
('A01', 'PTINT', 'JMOND', 42),
('A01', 'PTINT', 'JMOND', 49),
('A01', 'PTINT', 'JMOND', 59),
('A01', 'PTINT', 'JSAPR', 31),
('A01', 'PTINT', 'JSAPR', 39),
('A01', 'PTINT', 'JSAPR', 49),
('A01', 'PTINT', 'JSAPR', 54),
('A01', 'PTINT', 'JSAPR', 56),
('A01', 'PTINT', 'JSOT', 4),
('A01', 'PTINT', 'JTON2', 46),
('A01', 'PTINT', 'JTON2', 47),
('A01', 'PTINT', 'JZEBR', 49),
('A01', 'PTINT', 'JZUT', 13),
('A01', 'PTINT', 'JZUT', 15),
('A01', 'PTINT', 'JZUT', 55),
('A02', 'PTINT', 'JBAND', 12),
('A02', 'PTINT', 'JBRUT', 40),
('A02', 'PTINT', 'JCIEL', 42),
('A02', 'PTINT', 'JDIAB', 46),
('A02', 'PTINT', 'JGRED', 42),
('A02', 'PTINT', 'JHORR', 32),
('A02', 'PTINT', 'JMALE', 31),
('A02', 'PTINT', 'JMALH', 28),
('A02', 'PTINT', 'JMOND', 45),
('A02', 'PTINT', 'JSAPR', 48),
('A02', 'PTINT', 'JSAPR', 56),
('A02', 'PTINT', 'JTON2', 16),
('A02', 'PTINT', 'JZUT', 31),
('A03', 'PTINT', 'JGRED', 59),
('A03', 'PTINT', 'JHORR', 59),
('A03', 'PTINT', 'JLACH', 16),
('A03', 'PTINT', 'JMALH', 36),
('A03', 'PTINT', 'JMALH', 58),
('A03', 'PTINT', 'JMALH', 60),
('A03', 'PTINT', 'JMAPA', 34),
('A03', 'PTINT', 'JMOND', 19),
('A03', 'PTINT', 'JPIPE', 17),
('A03', 'PTINT', 'JSAPE', 6),
('A03', 'PTINT', 'JSAPR', 14),
('A03', 'PTINT', 'JSAPR', 25),
('A03', 'PTINT', 'JSAPR', 32),
('A03', 'PTINT', 'JSAPR', 47),
('A03', 'PTINT', 'JSAPR', 54),
('A03', 'PTINT', 'JSAPR', 56),
('A03', 'PTINT', 'JTON2', 8),
('A04', 'PTINT', 'JAUNO', 32),
('A04', 'PTINT', 'JBRUT', 7),
('A04', 'PTINT', 'JDIAB', 12),
('A04', 'PTINT', 'JMALH', 3),
('A04', 'PTINT', 'JMOND', 31),
('A04', 'PTINT', 'JSAPR', 4),
('A04', 'PTINT', 'JSAPR', 21),
('A04', 'PTINT', 'JSCEL', 49),
('A04', 'PTINT', 'JTON2', 3),
('A05', 'PTINT', 'JDIAB', 33),
('A05', 'PTINT', 'JGRED', 9),
('A05', 'PTINT', 'JLACH', 48),
('A05', 'PTINT', 'JMOND', 5),
('A05', 'PTINT', 'JMOND', 7),
('A05', 'PTINT', 'JSAPE', 38),
('A05', 'PTINT', 'JSAPR', 23),
('A06', 'PTINT', 'JBAND', 48),
('A06', 'PTINT', 'JCIEL', 44),
('A06', 'PTINT', 'JCOQU', 10),
('A06', 'PTINT', 'JFROU', 54),
('A06', 'PTINT', 'JGAIL', 27),
('A06', 'PTINT', 'JGRED', 12),
('A06', 'PTINT', 'JMAPA', 11),
('A06', 'PTINT', 'JMAPA', 35),
('A06', 'PTINT', 'JMOND', 18),
('A06', 'PTINT', 'JMOND', 45),
('A06', 'PTINT', 'JSAPR', 12),
('A06', 'PTINT', 'JSAPR', 30),
('A06', 'PTINT', 'JSAPR', 31),
('A06', 'PTINT', 'JSAPR', 42),
('A06', 'PTINT', 'JSAPR', 54),
('A06', 'PTINT', 'JTON2', 33),
('A06', 'PTINT', 'JTON2', 56),
('A06', 'PTINT', 'JZUT', 6),
('A06', 'PTINT', 'JZUT', 28),
('A06', 'PTINT', 'JZUT', 30),
('A06', 'PTINT', 'JZUT', 57),
('A07', 'PTINT', 'JMOND', 57),
('A07', 'PTINT', 'JMOND', 61),
('A07', 'PTINT', 'JSAPE', 47),
('A07', 'PTINT', 'JSAPR', 4),
('A07', 'PTINT', 'JSAPR', 42),
('A07', 'PTINT', 'JSAPR', 54),
('A07', 'PTINT', 'JSAPR', 56),
('A08', 'PTINT', 'JBAND', 11),
('A08', 'PTINT', 'JCIEL', 51),
('A08', 'PTINT', 'JCOQU', 52),
('A08', 'PTINT', 'JHORR', 9),
('A08', 'PTINT', 'JHORR', 26),
('A08', 'PTINT', 'JMALH', 25),
('A08', 'PTINT', 'JMALH', 31),
('A08', 'PTINT', 'JMOND', 25),
('A08', 'PTINT', 'JMOND', 26),
('A08', 'PTINT', 'JMOND', 33),
('A08', 'PTINT', 'JMOND', 45),
('A08', 'PTINT', 'JMOND', 60),
('A08', 'PTINT', 'JSAPR', 7),
('A08', 'PTINT', 'JSAPR', 36),
('A08', 'PTINT', 'JSAPR', 45),
('A08', 'PTINT', 'JSAPR', 51),
('A08', 'PTINT', 'JSAPR', 52),
('A08', 'PTINT', 'JZUT', 60),
('A09', 'PTINT', 'JBETE', 53),
('A09', 'PTINT', 'JCIEL', 5),
('A09', 'PTINT', 'JCIEL', 57),
('A09', 'PTINT', 'JHORR', 25),
('A09', 'PTINT', 'JMALE', 7),
('A09', 'PTINT', 'JMALE', 15),
('A09', 'PTINT', 'JMALH', 16),
('A09', 'PTINT', 'JMALH', 47),
('A09', 'PTINT', 'JMAPA', 52),
('A09', 'PTINT', 'JMAPA', 54),
('A09', 'PTINT', 'JMOND', 4),
('A09', 'PTINT', 'JMOND', 7),
('A09', 'PTINT', 'JMOND', 9),
('A09', 'PTINT', 'JMOND', 19),
('A09', 'PTINT', 'JMOND', 25),
('A09', 'PTINT', 'JMOND', 55),
('A09', 'PTINT', 'JMOND', 58),
('A09', 'PTINT', 'JSAPE', 12),
('A09', 'PTINT', 'JSAPR', 8),
('A09', 'PTINT', 'JSAPR', 24),
('A09', 'PTINT', 'JZUT', 55),
('A09', 'PTINT', 'JZUT', 60),
('A10', 'PTINT', 'JAUNO', 14),
('A10', 'PTINT', 'JBAND', 9),
('A10', 'PTINT', 'JBAND', 37),
('A10', 'PTINT', 'JBOUG', 58),
('A10', 'PTINT', 'JCANAI', 50),
('A10', 'PTINT', 'JMOND', 10),
('A10', 'PTINT', 'JMOND', 11),
('A10', 'PTINT', 'JMOND', 53),
('A10', 'PTINT', 'JSAPE', 6),
('A10', 'PTINT', 'JSAPE', 58),
('A10', 'PTINT', 'JSAPR', 31),
('A10', 'PTINT', 'JSAPR', 48),
('A10', 'PTINT', 'JTON2', 46),
('A11', 'PTINT', 'JBOUG', 54),
('A11', 'PTINT', 'JGRED', 14),
('A11', 'PTINT', 'JGRED', 15),
('A11', 'PTINT', 'JMAPA', 16),
('A11', 'PTINT', 'JMAPA', 19),
('A11', 'PTINT', 'JMAPA', 28),
('A12', 'PTINT', 'JAUNO', 7),
('A12', 'PTINT', 'JMAPA', 60),
('A12', 'PTINT', 'JMISE', 5),
('A12', 'PTINT', 'JMOND', 33),
('A12', 'PTINT', 'JSAPE', 20),
('A12', 'PTINT', 'JSAPE', 50),
('A12', 'PTINT', 'JSAPR', 11),
('A12', 'PTINT', 'JSAPR', 37),
('A12', 'PTINT', 'JSAPR', 56),
('A12', 'PTINT', 'JSAPR', 60),
('A12', 'PTINT', 'JTETE', 60),
('A13', 'PTINT', 'JAUNO', 24),
('A13', 'PTINT', 'JAUNO', 41),
('A13', 'PTINT', 'JBRUT', 18),
('A13', 'PTINT', 'JDIAB', 41),
('A13', 'PTINT', 'JMOND', 14),
('A13', 'PTINT', 'JMOND', 31),
('A13', 'PTINT', 'JMOND', 43),
('A13', 'PTINT', 'JSAPE', 52),
('A13', 'PTINT', 'JSAPR', 7),
('A13', 'PTINT', 'JSAPR', 10),
('A13', 'PTINT', 'JSAPR', 31),
('A13', 'PTINT', 'JSAPR', 45),
('A13', 'PTINT', 'JSAPR', 46),
('A13', 'PTINT', 'JSAPR', 48),
('A13', 'PTINT', 'JZUT', 8),
('A13', 'PTINT', 'JZUT', 14),
('A14', 'PTINT', 'JAUNO', 59),
('A14', 'PTINT', 'JBAND', 23),
('A14', 'PTINT', 'JBRUT', 11),
('A14', 'PTINT', 'JDEGR', 40),
('A14', 'PTINT', 'JDEGR', 52),
('A14', 'PTINT', 'JFORB', 35),
('A14', 'PTINT', 'JGRED', 28),
('A14', 'PTINT', 'JMAPA', 48),
('A14', 'PTINT', 'JMOND', 13),
('A14', 'PTINT', 'JMOND', 56),
('A14', 'PTINT', 'JPEST', 51),
('A14', 'PTINT', 'JPIPE', 50),
('A14', 'PTINT', 'JSAPE', 25),
('A14', 'PTINT', 'JSAPE', 51),
('A14', 'PTINT', 'JSAPR', 9),
('A14', 'PTINT', 'JTON2', 50),
('A14', 'PTINT', 'JZUT', 15),
('A14', 'PTINT', 'JZUT', 42),
('A14', 'PTINT', 'JZUT', 45),
('A14', 'PTINT', 'JZUT', 58),
('A15', 'PTINT', 'JAFFA', 21),
('A15', 'PTINT', 'JAUNO', 37),
('A15', 'PTINT', 'JCIEL', 21),
('A15', 'PTINT', 'JMAPA', 17),
('A15', 'PTINT', 'JMOND', 17),
('A15', 'PTINT', 'JMOND', 38),
('A15', 'PTINT', 'JMOND', 46),
('A15', 'PTINT', 'JSAPR', 54),
('A16', 'PTINT', 'JAUNO', 3),
('A16', 'PTINT', 'JAUNO', 57),
('A16', 'PTINT', 'JAUNO', 61),
('A16', 'PTINT', 'JDEGR', 7),
('A16', 'PTINT', 'JDEGR', 53),
('A16', 'PTINT', 'JDIAB', 37),
('A16', 'PTINT', 'JHORR', 10),
('A16', 'PTINT', 'JMALH', 8),
('A16', 'PTINT', 'JMALH', 36),
('A16', 'PTINT', 'JMALH', 55),
('A16', 'PTINT', 'JMAPA', 8),
('A16', 'PTINT', 'JMOND', 2),
('A16', 'PTINT', 'JMOND', 9),
('A16', 'PTINT', 'JMOND', 11),
('A16', 'PTINT', 'JMOND', 27),
('A16', 'PTINT', 'JMOND', 29),
('A16', 'PTINT', 'JMOND', 34),
('A16', 'PTINT', 'JMOND', 35),
('A16', 'PTINT', 'JMOND', 55),
('A16', 'PTINT', 'JMOND', 61),
('A16', 'PTINT', 'JSAPR', 7),
('A16', 'PTINT', 'JSAPR', 12),
('A16', 'PTINT', 'JSAPR', 34),
('A17', 'PTINT', 'JMOND', 29),
('A17', 'PTINT', 'JSAPE', 40),
('A17', 'PTINT', 'JSAPR', 18),
('A17', 'PTINT', 'JSAPR', 20),
('A17', 'PTINT', 'JSAPR', 32),
('A17', 'PTINT', 'JSAPR', 43),
('A17', 'PTINT', 'JSAPR', 45),
('A17', 'PTINT', 'JSAPR', 50),
('A17', 'PTINT', 'JZUT', 15),
('A17', 'PTINT', 'JZUT', 38),
('A18', 'PTINT', 'JDIAB', 54),
('A18', 'PTINT', 'JFLUT', 12),
('A18', 'PTINT', 'JMOND', 8),
('A18', 'PTINT', 'JMOND', 13),
('A18', 'PTINT', 'JMOND', 21),
('A18', 'PTINT', 'JMOND', 45),
('A18', 'PTINT', 'JMOND', 61),
('A18', 'PTINT', 'JSAPR', 2),
('A18', 'PTINT', 'JSAPR', 13),
('A18', 'PTINT', 'JSAPR', 22),
('A18', 'PTINT', 'JSAPR', 53),
('A19', 'PTINT', 'JAUNO', 30),
('A19', 'PTINT', 'JMOND', 3),
('A19', 'PTINT', 'JMOND', 17),
('A19', 'PTINT', 'JMOND', 18),
('A19', 'PTINT', 'JMOND', 20),
('A19', 'PTINT', 'JMOND', 29),
('A19', 'PTINT', 'JMOND', 30),
('A19', 'PTINT', 'JMOND', 58),
('A19', 'PTINT', 'JMOND', 59),
('A19', 'PTINT', 'JSAPR', 30),
('A19', 'PTINT', 'JSAPR', 51),
('A20', 'PTINT', 'JMOND', 3),
('A20', 'PTINT', 'JMOND', 55),
('A21', 'PTINT', 'JASSA', 19),
('A21', 'PTINT', 'JBAND', 19),
('A21', 'PTINT', 'JCANAI', 32),
('A21', 'PTINT', 'JFLUT', 13),
('A21', 'PTINT', 'JSAPR', 34),
('A22', 'PTINT', 'JIVRO', 4),
('A22', 'PTINT', 'JMOND', 58),
('A01', 'PTOM', 'JFREL', 47),
('A01', 'PTOM', 'JGAIL', 43),
('A01', 'PTOM', 'JMALE', 30),
('A01', 'PTOM', 'JSAPR', 5),
('A17', 'PTOPO', 'JSACRE', 25),
('A11', 'PTOUR', 'JMALH', 35),
('A11', 'PTOUR', 'JMAPA', 55),
('A12', 'PTOUR', 'JSAPR', 40),
('A15', 'PTOUR', 'JDEGR', 45),
('A15', 'PTOUR', 'JDIAB', 32),
('A15', 'PTOUR', 'JMALH', 33),
('A15', 'PTOUR', 'JMOND', 30),
('A15', 'PTOUR', 'JMOND', 59),
('A15', 'PTOUR', 'JPOUS', 41),
('A15', 'PTOUR', 'JSACS', 45),
('A15', 'PTOUR', 'JSAPE', 11),
('A15', 'PTOUR', 'JSAPE', 15),
('A15', 'PTOUR', 'JSAPE', 32),
('A15', 'PTOUR', 'JSAPE', 43),
('A15', 'PTOUR', 'JSAPR', 44),
('A15', 'PTOUR', 'JVERMIC', 40),
('A16', 'PTOUR', 'JAUNO', 10),
('A16', 'PTOUR', 'JAUNO', 19),
('A16', 'PTOUR', 'JAUNO', 44),
('A16', 'PTOUR', 'JDEGR', 8),
('A16', 'PTOUR', 'JDEGR', 19),
('A16', 'PTOUR', 'JHORR', 43),
('A16', 'PTOUR', 'JMALH', 3),
('A16', 'PTOUR', 'JMALH', 6),
('A16', 'PTOUR', 'JMALH', 41),
('A16', 'PTOUR', 'JMAPA', 7),
('A16', 'PTOUR', 'JMOND', 43),
('A16', 'PTOUR', 'JMOND', 51),
('A16', 'PTOUR', 'JSACS', 31),
('A16', 'PTOUR', 'JSAPE', 8),
('A16', 'PTOUR', 'JSAPE', 19),
('A16', 'PTOUR', 'JSAPE', 31),
('A16', 'PTOUR', 'JSAPE', 42),
('A16', 'PTOUR', 'JSAPR', 7),
('A17', 'PTOUR', 'JSAPE', 60),
('A17', 'PTOUR', 'JSAPR', 59),
('A20', 'PTOUR', 'JSAPE', 7),
('A20', 'PTOUR', 'JSAPE', 23),
('A20', 'PTOUR', 'JSAPE', 33),
('A22', 'PTOUR', 'J!18', 32),
('A22', 'PTOUR', 'JAUNO', 42),
('A22', 'PTOUR', 'JSAPE', 25),
('A20', 'PWAGN', 'JCATAS', 52),
('A15', 'PWOLF', 'JSAPR', 16),
('A15', 'PWOLF', 'JSAPR', 38),
('A16', 'PWOLF', 'JDEGR', 6),
('A16', 'PWOLF', 'JDEGR', 43),
('A16', 'PWOLF', 'JMOND', 38),
('A16', 'PWOLF', 'JMOND', 39),
('A16', 'PWOLF', 'JMOND', 40);

-- --------------------------------------------------------

--
-- Structure de la table 'pays'
--

DROP TABLE IF EXISTS pays;
CREATE TABLE IF NOT EXISTS pays (
  idPays char(3) NOT NULL,
  nomPays varchar(50) NOT NULL,
  PRIMARY KEY (idPays)
) ENGINE=InnoDB DEFAULT CHARSET=utf8;

--
-- Contenu de la table 'pays'
--

INSERT INTO pays (idPays, nomPays) VALUES
('AME', 'AMERIQUE'),
('ARA', 'ARABIE'),
('ATL', 'ATLANTIQUE'),
('BEL', 'BELGIQUE'),
('BOR', 'BORDURIE'),
('CHI', 'CHINE'),
('CON', 'CONGO'),
('EGY', 'EGYPTE'),
('FRA', 'FRANCE'),
('IN1', 'INDE'),
('IN2', 'INDONESIE'),
('ISL', 'ISLANDE'),
('KHE', 'KHEMED'),
('LUN', 'LUNE'),
('MAR', 'MAROC'),
('NEP', 'NEPAL'),
('NUE', 'NUEVO RICO'),
('PER', 'PEROU'),
('ROY', 'ROYAUME-UNI'),
('SAH', 'SAHARA'),
('SAN', 'SAN THEODOROS'),
('SUI', 'SUISSE'),
('SYL', 'SYLDAVIE'),
('TIB', 'TIBET');

-- --------------------------------------------------------

--
-- Structure de la table 'pays_album'
--

DROP TABLE IF EXISTS pays_album;
CREATE TABLE IF NOT EXISTS pays_album (
  idAlb char(3) NOT NULL,
  idPays char(3) NOT NULL,
  PRIMARY KEY (idAlb,idPays),
  KEY idPays (idPays)
) ENGINE=InnoDB DEFAULT CHARSET=utf8;

--
-- Contenu de la table 'pays_album'
--

INSERT INTO pays_album (idAlb, idPays) VALUES
('A02', 'AME'),
('A03', 'ARA'),
('A10', 'ATL'),
('A11', 'ATL'),
('A01', 'BEL'),
('A05', 'BEL'),
('A06', 'BEL'),
('A07', 'BEL'),
('A08', 'BEL'),
('A09', 'BEL'),
('A10', 'BEL'),
('A11', 'BEL'),
('A12', 'BEL'),
('A14', 'BEL'),
('A15', 'BEL'),
('A17', 'BEL'),
('A18', 'BEL'),
('A20', 'BEL'),
('A22', 'BEL'),
('A17', 'BOR'),
('A04', 'CHI'),
('A01', 'CON'),
('A03', 'EGY'),
('A12', 'FRA'),
('A19', 'FRA'),
('A03', 'IN1'),
('A04', 'IN1'),
('A19', 'IN1'),
('A21', 'IN2'),
('A09', 'ISL'),
('A14', 'KHE'),
('A18', 'KHE'),
('A16', 'LUN'),
('A19', 'NEP'),
('A12', 'PER'),
('A13', 'PER'),
('A06', 'ROY'),
('A08', 'SAH'),
('A05', 'SAN'),
('A22', 'SAN'),
('A17', 'SUI'),
('A07', 'SYL'),
('A15', 'SYL'),
('A16', 'SYL'),
('A19', 'TIB');

-- --------------------------------------------------------

--
-- Structure de la table 'personnage'
--

DROP TABLE IF EXISTS personnage;
CREATE TABLE IF NOT EXISTS personnage (
  idPers char(7) NOT NULL,
  nomPers varchar(50) NOT NULL,
  prenomPers varchar(50) DEFAULT NULL,
  fonctPers varchar(50) DEFAULT NULL,
  sexePers enum('M','F') DEFAULT NULL,
  gentilPers tinyint(1) DEFAULT NULL,
  PRIMARY KEY (idPers)
) ENGINE=InnoDB DEFAULT CHARSET=utf8;

--
-- Contenu de la table 'personnage'
--

INSERT INTO personnage (idPers, nomPers, prenomPers, fonctPers, sexePers, gentilPers) VALUES
('PABDA', 'ABDALLAH', NULL, 'PRINCE', 'M', 1),
('PAHME', 'AHMED', NULL, 'COLONEL', 'M', 0),
('PALC1', 'ALCAZAR', NULL, 'COLONEL', 'M', 1),
('PALC2', 'ALCAZAR', 'PEGGY', NULL, 'F', 1),
('PALCA', 'AL CAPONE', NULL, 'BANDIT', 'M', 0),
('PALVA', 'ALVAREZ', NULL, 'COLONEL', 'M', 0),
('PANON', 'ANONYME', NULL, NULL, NULL, 0),
('PANOO', 'ANONYME', NULL, NULL, NULL, 1),
('PBABA', 'BABAORO''M', NULL, 'ROI', 'M', 0),
('PBABE', 'BAB EL EHR', NULL, 'CHEIKH', 'M', 0),
('PBADA', 'BADA', 'RAMON', 'BANDIT', 'M', 0),
('PBATT', 'BATTELERIE (DE LA)', 'JEAN LOUP', 'JOURNALISTE', 'M', 1),
('PBAXT', 'BAXTER', NULL, 'DIRECTEUR PROGRAMME LUNAIRE', 'M', 1),
('PBAZA', 'BAZAROFF', 'BASIL', 'VENDEUR D''ARMES', 'M', 0),
('PBENK', 'BEN KALISH EZAB', 'MOHAMMED', 'EMIR', 'M', 1),
('PBENS', 'BEN SALAAD', 'OMAR', 'TRAFIQUANT', 'M', 0),
('PBERG', 'BERGAMOTTE', 'HIPPOLYTE', 'PROFESSEUR', 'M', 1),
('PBOHL', 'BOHLWINKEL', NULL, 'BANQUIER', 'M', 0),
('PBOUL', 'BOULLU', NULL, 'PLOMBIER', 'M', 1),
('PCALY', 'CALYS', NULL, 'PROFESSEUR', 'M', 1),
('PCANT', 'CANTONNEAU', 'PAUL', 'PROFESSEUR', 'M', 1),
('PCARR', 'CARREIDAS', 'LASZLOS', 'INDUSTRIEL MILLIARDAIRE', 'M', 1),
('PCAST', 'CASTAFIORE', 'BIANCA', 'CANTATRICE', 'F', 1),
('PCHAR', 'CHARLET', 'MARC', 'PROFESSEUR', 'M', 1),
('PCHES', 'CHESTER', NULL, 'CAPITAINE', 'M', 1),
('PCHIC', 'CHICKLET', 'R.W.', 'VENDEUR D''ARME', 'M', 0),
('PCHIQ', 'CHIQUITO (alias RUPAC INCA HUACO)', NULL, 'INCAS', NULL, 0),
('PCLAI', 'CLAIRMONT', NULL, 'CINEASTE', 'M', 1),
('PCOCO', 'COCO', NULL, 'ENFANT', 'M', 1),
('PDAFI', 'DA FIGUEIRA', 'OLIVEIRA', 'COMMERCANT', 'M', 1),
('PDAWS', 'DAWSON', NULL, 'CHEF POLICE SHANGAI', 'M', 0),
('PDIAZ', 'DIAZ', NULL, 'CAPORAL', 'M', 0),
('PDIDI', 'DIDI', NULL, 'PRINCE', 'M', 1),
('PDUPD', 'DUPOND', NULL, 'POLICIER', 'M', 1),
('PDUPT', 'DUPONT', NULL, 'POLICIER', 'M', 1),
('PEZDA', 'EZDANITOFF', 'MIK', 'SAVANT', 'M', 1),
('PFAKN', 'UN FAKIR', NULL, 'FAKIR', 'M', 0),
('PFAKO', 'UN FAKIR', NULL, 'FAKIR', 'M', 1),
('PFILO', 'FILOSELLE', 'ARISTIDE', 'PICKPOCKET', 'M', 1),
('PFOUD', 'FOUDRE BENIE', NULL, 'LAMAS', 'M', 1),
('PGIBB', 'GIBBONS', NULL, 'HOMME D''AL CAPONE', 'M', 0),
('PHAD2', 'HADDOCK (de)', 'FRANCOIS', 'CAPITAINE', 'M', 1),
('PHADD', 'HADDOCK', 'ARCHIBALD', 'CAPITAINE', 'M', 1),
('PHALAA', 'HALAMBIQUE', 'ALFRED', 'BANDIT', 'M', 0),
('PHALAN', 'HALAMBIQUE', 'NESTOR', 'SIGILLOGRAPHE', 'M', 1),
('PHORN', 'HORNET', NULL, 'PROFESSEUR', 'M', 1),
('PHUAS', 'HUASCAR', NULL, 'GRAND PRETRE INCAS', 'M', 1),
('PIRMA', 'IRMA', 'IRMA', 'CAMERISTE', 'F', 1),
('PJENG', 'JEN-GHIE', 'WANG', 'COMMERCANT', 'M', 1),
('PJORG', 'JORGEN', 'BORIS', 'COLONEL', 'M', 0),
('PKROL', 'KROLLSPELL', NULL, 'MEDECIN', 'M', 0),
('PLAMP', 'LAMPION', 'SERAPHIN', 'ASSUREUR', 'M', 1),
('PLAUB', 'LAUBEPIN', NULL, 'PROFESSEUR', 'M', 1),
('PLIKI', 'LI KIN', 'TCHENG', 'COMMERCANT', 'M', 1),
('PLOIS', 'LOISEAU', 'MAXIME ET GUSTAVE', 'ANTIQUAIRES', 'M', 0),
('PMAHA', 'DE RAWHAJPOUTLALAH', NULL, 'MAHARADJAH', 'M', 1),
('PMIAR', 'MIARKA', NULL, 'ENFANT', 'F', 1),
('PMILL', 'MILLER', NULL, 'HOMME DE MAIN', 'M', 0),
('PMILO', 'MILOU', NULL, 'CHIEN FIDELE', 'M', 1),
('PMITS', 'MITSUHIRATO', NULL, 'BANDIT', 'M', 0),
('PMUGA', 'MUGANGA', NULL, 'SORCIER', 'M', 0),
('PMULL', 'MULLER', NULL, 'DOCTEUR', 'M', 0),
('PMUSK', 'MUSKAR XII', NULL, 'ROI', 'M', 1),
('PMUSS', 'MUSSTLER', NULL, 'AIDE DE CAMP', 'M', 0),
('PNEST', 'NESTOR', 'NESTOR', 'MAJORDOME', 'M', 1),
('PNOBL', 'NOBLE FILS DU SOLEIL', NULL, 'ROI INCAS', 'M', 1),
('PPABL', 'PABLO', NULL, 'HOMME DE MAIN', 'M', 0),
('PPACH', 'PACHA', 'MULL', 'BANDIT', 'M', 0),
('PPATR', 'PATRASH PASHA', NULL, 'CHEIKH', 'M', 1),
('PPERE', 'PEREZ', 'ALONZO', 'BANDIT', 'M', 0),
('PPERR', 'PERROQUETS', NULL, 'PERROQUET', NULL, 1),
('PPHIL', 'PHILIPPULUS', NULL, 'PREDICATEUR', 'M', 1),
('PRACK', 'RACKHAM LE ROUGE', NULL, 'PIRATE', 'M', 0),
('PRANK', 'RANKO', NULL, 'GORILLE', 'M', 1),
('PRASC', 'RASCAR CAPAC', NULL, 'Momie roi Inca', 'M', 1),
('PRAST', 'RASTAPOPOULOS (alias DI GORGONZOLA)', 'ROBERTO', 'MILLIARDAIRE', 'M', 0),
('PRIGD', 'RIGDEWELL', NULL, 'EXPLORATEUR', 'M', 1),
('PRIZO', 'RIZOTTO', 'WALTER', 'JOURNALISTE', 'M', 1),
('PSAND', 'SANDERS', NULL, 'PROFESSEUR', 'M', 1),
('PSANZ', 'SANZOT', NULL, 'BOUCHERIE', 'M', 1),
('PSICL', 'SICLONE', 'PHILEMON', 'EGYPTHOLOGUE', 'M', 1),
('PSMIL', 'SMILES', 'BOBBY', 'BANDIT', 'M', 0),
('PSPAL', 'SPALDING', NULL, 'SECRETAIRE', 'M', 0),
('PSPON', 'SPONSZ (alias ESPONJA)', NULL, 'COLONEL', 'M', 0),
('PSZPR', 'SZPRINKOTH', 'STEPHEN', 'ESPION', 'M', 0),
('PSZUT', 'SZUT', 'PIOTR', 'PILOTE D''AVION', 'M', 1),
('PTAPI', 'TAPIOCA', NULL, 'GENERAL', 'M', 0),
('PTAUP', 'TAUPE AU REGARD PERCANT', NULL, 'CHEF INDIEN', 'M', 1),
('PTCHO', 'TCHONG-JEN', 'TCHANG', 'ENFANT', 'M', 1),
('PTHAR', 'THARKEY', NULL, 'GUIDE', 'M', 1),
('PTHOM', 'THOMSON', 'ALLAN', 'HOMME DE MAIN', 'M', 0),
('PTINT', 'TINTIN', NULL, 'REPORTER', 'M', 1),
('PTOM', 'TOM', NULL, 'HOMME DE MAIN', 'M', 0),
('PTOPO', 'TOPOLINO', 'ALFRED', 'PROFESSEUR', 'M', 1),
('PTORT', 'TORTILLA', 'RODRIGO', 'BANDIT', 'M', 0),
('PTOUR', 'TOURNESOL', 'TRIPHON', 'SAVANT', 'M', 1),
('PWAGN', 'WAGNER', 'IGOR', 'PIANISTE', 'M', 1),
('PWOLF', 'WOLFF', 'FRANK', 'SAVANT', 'M', 1),
('PYETI', 'YETI', NULL, 'MONSTRE', 'M', 1),
('PZORR', 'ZORRINO', NULL, 'ENFANT', 'M', 1);

-- --------------------------------------------------------

--
-- Structure de la table 'pers_album'
--

DROP TABLE IF EXISTS pers_album;
CREATE TABLE IF NOT EXISTS pers_album (
  idAlb char(3) NOT NULL,
  idPers char(7) NOT NULL,
  PRIMARY KEY (idAlb,idPers),
  KEY idPers (idPers)
) ENGINE=InnoDB DEFAULT CHARSET=utf8;

--
-- Contenu de la table 'pers_album'
--

INSERT INTO pers_album (idAlb, idPers) VALUES
('A14', 'PABDA'),
('A18', 'PABDA'),
('A18', 'PAHME'),
('A05', 'PALC1'),
('A12', 'PALC1'),
('A18', 'PALC1'),
('A22', 'PALC1'),
('A22', 'PALC2'),
('A02', 'PALCA'),
('A22', 'PALVA'),
('A01', 'PANON'),
('A02', 'PANON'),
('A03', 'PANON'),
('A04', 'PANON'),
('A05', 'PANON'),
('A06', 'PANON'),
('A07', 'PANON'),
('A08', 'PANON'),
('A09', 'PANON'),
('A10', 'PANON'),
('A11', 'PANON'),
('A12', 'PANON'),
('A13', 'PANON'),
('A14', 'PANON'),
('A15', 'PANON'),
('A16', 'PANON'),
('A17', 'PANON'),
('A18', 'PANON'),
('A19', 'PANON'),
('A20', 'PANON'),
('A21', 'PANON'),
('A22', 'PANON'),
('A01', 'PANOO'),
('A02', 'PANOO'),
('A03', 'PANOO'),
('A04', 'PANOO'),
('A05', 'PANOO'),
('A06', 'PANOO'),
('A07', 'PANOO'),
('A08', 'PANOO'),
('A09', 'PANOO'),
('A10', 'PANOO'),
('A11', 'PANOO'),
('A12', 'PANOO'),
('A13', 'PANOO'),
('A14', 'PANOO'),
('A15', 'PANOO'),
('A16', 'PANOO'),
('A17', 'PANOO'),
('A18', 'PANOO'),
('A19', 'PANOO'),
('A20', 'PANOO'),
('A21', 'PANOO'),
('A22', 'PANOO'),
('A01', 'PBABA'),
('A14', 'PBABE'),
('A05', 'PBADA'),
('A20', 'PBATT'),
('A22', 'PBATT'),
('A15', 'PBAXT'),
('A16', 'PBAXT'),
('A05', 'PBAZA'),
('A14', 'PBENK'),
('A18', 'PBENK'),
('A08', 'PBENS'),
('A12', 'PBERG'),
('A13', 'PBERG'),
('A09', 'PBOHL'),
('A20', 'PBOUL'),
('A09', 'PCALY'),
('A09', 'PCANT'),
('A12', 'PCANT'),
('A13', 'PCANT'),
('A21', 'PCARR'),
('A07', 'PCAST'),
('A12', 'PCAST'),
('A17', 'PCAST'),
('A18', 'PCAST'),
('A20', 'PCAST'),
('A22', 'PCAST'),
('A12', 'PCHAR'),
('A13', 'PCHAR'),
('A09', 'PCHES'),
('A05', 'PCHIC'),
('A12', 'PCHIQ'),
('A13', 'PCHIQ'),
('A13', 'PCLAI'),
('A01', 'PCOCO'),
('A03', 'PDAFI'),
('A14', 'PDAFI'),
('A18', 'PDAFI'),
('A04', 'PDAWS'),
('A18', 'PDAWS'),
('A05', 'PDIAZ'),
('A04', 'PDIDI'),
('A01', 'PDUPD'),
('A03', 'PDUPD'),
('A04', 'PDUPD'),
('A05', 'PDUPD'),
('A06', 'PDUPD'),
('A07', 'PDUPD'),
('A08', 'PDUPD'),
('A10', 'PDUPD'),
('A11', 'PDUPD'),
('A12', 'PDUPD'),
('A13', 'PDUPD'),
('A14', 'PDUPD'),
('A15', 'PDUPD'),
('A16', 'PDUPD'),
('A17', 'PDUPD'),
('A18', 'PDUPD'),
('A20', 'PDUPD'),
('A22', 'PDUPD'),
('A01', 'PDUPT'),
('A03', 'PDUPT'),
('A04', 'PDUPT'),
('A05', 'PDUPT'),
('A06', 'PDUPT'),
('A07', 'PDUPT'),
('A08', 'PDUPT'),
('A10', 'PDUPT'),
('A11', 'PDUPT'),
('A12', 'PDUPT'),
('A13', 'PDUPT'),
('A14', 'PDUPT'),
('A15', 'PDUPT'),
('A16', 'PDUPT'),
('A17', 'PDUPT'),
('A18', 'PDUPT'),
('A20', 'PDUPT'),
('A22', 'PDUPT'),
('A21', 'PEZDA'),
('A03', 'PFAKN'),
('A12', 'PFAKO'),
('A10', 'PFILO'),
('A19', 'PFOUD'),
('A01', 'PGIBB'),
('A04', 'PGIBB'),
('A10', 'PHAD2'),
('A08', 'PHADD'),
('A09', 'PHADD'),
('A10', 'PHADD'),
('A11', 'PHADD'),
('A12', 'PHADD'),
('A13', 'PHADD'),
('A14', 'PHADD'),
('A15', 'PHADD'),
('A16', 'PHADD'),
('A17', 'PHADD'),
('A18', 'PHADD'),
('A19', 'PHADD'),
('A20', 'PHADD'),
('A21', 'PHADD'),
('A22', 'PHADD'),
('A07', 'PHALAA'),
('A07', 'PHALAN'),
('A12', 'PHORN'),
('A13', 'PHORN'),
('A13', 'PHUAS'),
('A17', 'PIRMA'),
('A20', 'PIRMA'),
('A22', 'PIRMA'),
('A04', 'PJENG'),
('A07', 'PJORG'),
('A15', 'PJORG'),
('A16', 'PJORG'),
('A21', 'PKROL'),
('A17', 'PLAMP'),
('A18', 'PLAMP'),
('A20', 'PLAMP'),
('A21', 'PLAMP'),
('A22', 'PLAMP'),
('A13', 'PLAUB'),
('A19', 'PLIKI'),
('A10', 'PLOIS'),
('A03', 'PMAHA'),
('A04', 'PMAHA'),
('A20', 'PMIAR'),
('A15', 'PMILL'),
('A16', 'PMILL'),
('A01', 'PMILO'),
('A02', 'PMILO'),
('A03', 'PMILO'),
('A04', 'PMILO'),
('A05', 'PMILO'),
('A06', 'PMILO'),
('A07', 'PMILO'),
('A08', 'PMILO'),
('A09', 'PMILO'),
('A10', 'PMILO'),
('A11', 'PMILO'),
('A12', 'PMILO'),
('A13', 'PMILO'),
('A14', 'PMILO'),
('A15', 'PMILO'),
('A16', 'PMILO'),
('A17', 'PMILO'),
('A18', 'PMILO'),
('A19', 'PMILO'),
('A20', 'PMILO'),
('A21', 'PMILO'),
('A22', 'PMILO'),
('A04', 'PMITS'),
('A01', 'PMUGA'),
('A06', 'PMULL'),
('A14', 'PMULL'),
('A07', 'PMUSK'),
('A10', 'PNEST'),
('A12', 'PNEST'),
('A14', 'PNEST'),
('A15', 'PNEST'),
('A17', 'PNEST'),
('A18', 'PNEST'),
('A20', 'PNEST'),
('A22', 'PNEST'),
('A13', 'PNOBL'),
('A05', 'PPABL'),
('A22', 'PPABL'),
('A18', 'PPACH'),
('A03', 'PPATR'),
('A05', 'PPERE'),
('A01', 'PPERR'),
('A05', 'PPERR'),
('A11', 'PPERR'),
('A20', 'PPERR'),
('A09', 'PPHIL'),
('A10', 'PRACK'),
('A06', 'PRANK'),
('A03', 'PRAST'),
('A04', 'PRAST'),
('A18', 'PRAST'),
('A21', 'PRAST'),
('A05', 'PRIGD'),
('A22', 'PRIGD'),
('A20', 'PRIZO'),
('A22', 'PRIZO'),
('A13', 'PSAND'),
('A17', 'PSANZ'),
('A20', 'PSANZ'),
('A22', 'PSANZ'),
('A03', 'PSICL'),
('A02', 'PSMIL'),
('A21', 'PSPAL'),
('A17', 'PSPON'),
('A22', 'PSPON'),
('A17', 'PSZPR'),
('A18', 'PSZUT'),
('A21', 'PSZUT'),
('A22', 'PTAPI'),
('A02', 'PTAUP'),
('A04', 'PTCHO'),
('A19', 'PTCHO'),
('A19', 'PTHAR'),
('A03', 'PTHOM'),
('A08', 'PTHOM'),
('A18', 'PTHOM'),
('A21', 'PTHOM'),
('A01', 'PTINT'),
('A02', 'PTINT'),
('A03', 'PTINT'),
('A04', 'PTINT'),
('A05', 'PTINT'),
('A06', 'PTINT'),
('A07', 'PTINT'),
('A08', 'PTINT'),
('A09', 'PTINT'),
('A10', 'PTINT'),
('A11', 'PTINT'),
('A12', 'PTINT'),
('A13', 'PTINT'),
('A14', 'PTINT'),
('A15', 'PTINT'),
('A16', 'PTINT'),
('A17', 'PTINT'),
('A18', 'PTINT'),
('A19', 'PTINT'),
('A20', 'PTINT'),
('A21', 'PTINT'),
('A22', 'PTINT'),
('A01', 'PTOM'),
('A17', 'PTOPO'),
('A05', 'PTORT'),
('A11', 'PTOUR'),
('A12', 'PTOUR'),
('A13', 'PTOUR'),
('A15', 'PTOUR'),
('A16', 'PTOUR'),
('A17', 'PTOUR'),
('A18', 'PTOUR'),
('A19', 'PTOUR'),
('A20', 'PTOUR'),
('A21', 'PTOUR'),
('A22', 'PTOUR'),
('A07', 'PWAGN'),
('A17', 'PWAGN'),
('A20', 'PWAGN'),
('A22', 'PWAGN'),
('A15', 'PWOLF'),
('A16', 'PWOLF'),
('A19', 'PYETI'),
('A13', 'PZORR');

--
-- Contraintes pour les tables exportées
--

--
-- Contraintes pour la table juron_album
--
ALTER TABLE juron_album
  ADD CONSTRAINT juron_album_ibfk_1 FOREIGN KEY (idAlb) REFERENCES album (idAlb) ON UPDATE CASCADE,
  ADD CONSTRAINT juron_album_ibfk_2 FOREIGN KEY (idPers) REFERENCES personnage (idPers) ON UPDATE CASCADE,
  ADD CONSTRAINT juron_album_ibfk_3 FOREIGN KEY (idJur) REFERENCES juron (idJur) ON UPDATE CASCADE;

--
-- Contraintes pour la table pays_album
--
ALTER TABLE pays_album
  ADD CONSTRAINT pays_album_ibfk_1 FOREIGN KEY (idAlb) REFERENCES album (idAlb) ON UPDATE CASCADE,
  ADD CONSTRAINT pays_album_ibfk_2 FOREIGN KEY (idPays) REFERENCES pays (idPays) ON UPDATE CASCADE;

--
-- Contraintes pour la table pers_album
--
ALTER TABLE pers_album
  ADD CONSTRAINT pers_album_ibfk_1 FOREIGN KEY (idAlb) REFERENCES album (idAlb) ON UPDATE CASCADE,
  ADD CONSTRAINT pers_album_ibfk_2 FOREIGN KEY (idPers) REFERENCES personnage (idPers) ON UPDATE CASCADE;

/*!40101 SET CHARACTER_SET_CLIENT=@OLD_CHARACTER_SET_CLIENT */;
/*!40101 SET CHARACTER_SET_RESULTS=@OLD_CHARACTER_SET_RESULTS */;
/*!40101 SET COLLATION_CONNECTION=@OLD_COLLATION_CONNECTION */;
